estratificacao,exposicao,contrast,n_P05,n_P50,sexo,median_P05,median_P50,mean_P05,mean_P50,U_stat,p_value,mean_diff,n_P95,median_P95,mean_P95,faixa_etaria,desfecho,cid_grupo,macro_regiao,fdr_bh,bonferroni,sinal_bh_005,sinal_bh_010,sinal_bonf_005
sexo,temp_med,P05_vs_P50,1306.0,1066,2,1.0,2.0,3.0849923430321593,3.027204502814259,667471.0,0.06318687190578577,0.0577878402179004,,,,,,,,0.2442415625589027,1.0,False,False,False
sexo,temp_med,P95_vs_P50,,1066,2,,2.0,,3.027204502814259,608540.0,0.4908748287855579,0.2865886006340168,1160.0,1.0,3.3137931034482757,,,,,0.7047560041849795,1.0,False,False,False
sexo,temp_med,P05_vs_P50,1843.0,1543,3,2.0,2.0,3.846446011937059,3.8950097213220998,1370712.0,0.062249889591743345,-0.04856370938504062,,,,,,,,0.2553515879171513,1.0,False,False,False
sexo,temp_med,P95_vs_P50,,1543,3,,2.0,,3.8950097213220998,1367447.5,0.2162955992240474,0.30708278969111635,1816.0,2.0,4.202092511013216,,,,,0.4576359520424582,1.0,False,False,False
sexo,temp_med,P05_vs_P50,2128.0,1808,1,3.0,3.0,5.402725563909774,5.287610619469026,1910700.0,0.7097376364453664,0.11511494444074799,,,,,,,,0.8391603819148155,1.0,False,False,False
sexo,temp_med,P95_vs_P50,,1808,1,,3.0,,5.287610619469026,1843181.5,0.06768570894597897,0.6189801818586176,2109.0,2.0,5.906590801327644,,,,,0.2519412499655884,1.0,False,False,False
sexo,ur_med,P05_vs_P50,1216.0,1347,2,1.0,2.0,3.216282894736842,3.250927988121752,786016.0,0.059887186305641486,-0.03464509338490984,,,,,,,,0.25611328611561573,1.0,False,False,False
sexo,ur_med,P95_vs_P50,,1347,2,,2.0,,3.250927988121752,791005.0,0.00034916744288482983,-0.29895948418474383,1270.0,1.0,2.951968503937008,,,,,0.005013046858560771,0.0701826560198508,True,True,False
sexo,ur_med,P05_vs_P50,1843.0,1949,3,2.0,2.0,3.956592512208356,3.9194458696767573,1799521.0,0.9143866816822039,0.037146642531598495,,,,,,,,0.9572485573860572,1.0,False,False,False
sexo,ur_med,P95_vs_P50,,1949,3,,2.0,,3.9194458696767573,1611467.0,0.0022383735403935998,-0.27561025323840127,1752.0,2.0,3.643835616438356,,,,,0.019561438331265807,0.44991308161911353,True,True,False
sexo,ur_med,P05_vs_P50,2111.0,2276,1,3.0,3.0,5.255329227854098,5.3651142355008785,2405928.0,0.9302572697442166,-0.10978500764678056,,,,,,,,0.9638232537040595,1.0,False,False,False
sexo,ur_med,P95_vs_P50,,2276,1,,3.0,,5.3651142355008785,2255910.0,0.00876512491714753,-0.40220479426773803,2076.0,2.0,4.9629094412331405,,,,,0.06292107529809478,1.0,False,True,False
faixa_etaria,temp_med,P05_vs_P50,2639.0,2189,,0.0,0.0,0.26638878363016294,0.25856555504796713,2862091.5,0.4255608988868509,0.007823228582195807,,,,<40,,,,0.6455678541604304,1.0,False,False,False
faixa_etaria,temp_med,P95_vs_P50,,2189,,,0.0,,0.25856555504796713,2892880.0,0.7908523214441451,0.060599530341027164,2635.0,0.0,0.3191650853889943,<40,,,,0.9109531037838005,1.0,False,False,False
faixa_etaria,temp_med,P05_vs_P50,2639.0,2189,,1.0,1.0,1.484274346343312,1.4408405664687072,2819595.0,0.1297498009219563,0.04343377987460473,,,,40-59,,,,0.37524762568795994,1.0,False,False,False
faixa_etaria,temp_med,P95_vs_P50,,2189,,,1.0,,1.4408405664687072,2792301.5,0.04303674302947303,0.19748960430928153,2635.0,1.0,1.6383301707779887,40-59,,,,0.1988594333085995,1.0,False,False,False
faixa_etaria,temp_med,P05_vs_P50,2639.0,2189,,1.0,1.0,2.8707843880257675,2.9451804476930104,2817853.0,0.13431645320183652,-0.07439605966724283,,,,60-79,,,,0.3775889103995684,1.0,False,False,False
faixa_etaria,temp_med,P95_vs_P50,,2189,,,1.0,,2.9451804476930104,2828826.0,0.24111402368030443,0.38612885021970333,2635.0,1.0,3.3313092979127137,60-79,,,,0.47281871960723115,1.0,False,False,False
faixa_etaria,temp_med,P05_vs_P50,2639.0,2189,,0.0,0.0,0.9799166350890489,1.007309273640932,2840046.5,0.26369845415422466,-0.02739263855188301,,,,80+,,,,0.4930547840465038,1.0,False,False,False
faixa_etaria,temp_med,P95_vs_P50,,2189,,,0.0,,1.007309273640932,2803726.0,0.06243722991613736,0.049237215922635524,2635.0,0.0,1.0565464895635674,80+,,,,0.24851253887413086,1.0,False,False,False
faixa_etaria,ur_med,P05_vs_P50,2637.0,2825,,0.0,0.0,0.27303754266211605,0.2920353982300885,3664603.5,0.13928599687954862,-0.018997855567972455,,,,<40,,,,0.37579174997032583,1.0,False,False,False
faixa_etaria,ur_med,P95_vs_P50,,2825,,,0.0,,0.2920353982300885,3589924.5,0.000495248338004097,-0.052641458836149124,2640.0,0.0,0.23939393939393938,<40,,,,0.006033025208413546,0.0995449159388235,True,True,False
faixa_etaria,ur_med,P05_vs_P50,2637.0,2825,,1.0,1.0,1.4755403868031853,1.4506194690265486,3762216.5,0.4934775076209701,0.024920917776636742,,,,40-59,,,,0.700982183970424,1.0,False,False,False
faixa_etaria,ur_med,P95_vs_P50,,2825,,,1.0,,1.4506194690265486,3591389.0,0.011350579356905883,-0.1438012872083667,2640.0,1.0,1.3068181818181819,40-59,,,,0.07242750637263753,1.0,False,True,False
faixa_etaria,ur_med,P05_vs_P50,2637.0,2825,,1.0,1.0,2.8532423208191124,2.895221238938053,3736971.5,0.8301637151717403,-0.04197891811894072,,,,60-79,,,,0.9295983662925894,1.0,False,False,False
faixa_etaria,ur_med,P95_vs_P50,,2825,,,1.0,,2.895221238938053,3511954.0,0.00013217466244559926,-0.24370608742290178,2640.0,1.0,2.6515151515151514,60-79,,,,0.002796537594901626,0.02656710715156545,True,True,True
faixa_etaria,ur_med,P05_vs_P50,2637.0,2825,,0.0,0.0,1.0140310959423589,0.9493805309734513,3736620.5,0.8207307954084258,0.06465056496890753,,,,80+,,,,0.9293909288850342,1.0,False,False,False
faixa_etaria,ur_med,P95_vs_P50,,2825,,,0.0,,0.9493805309734513,3533775.5,0.00015878793824257553,-0.1467290158219362,2640.0,0.0,0.8026515151515151,80+,,,,0.002775337007544146,0.03191637558675768,True,True,True
sexo_faixa_etaria,temp_med,P05_vs_P50,2639.0,2189,1,0.0,0.0,0.129973474801061,0.13202375513933304,2872852.5,0.5508901358590055,-0.002050280338272037,,,,<40,,,,0.7381927820510673,1.0,False,False,False
sexo_faixa_etaria,temp_med,P95_vs_P50,,2189,1,,0.0,,0.13202375513933304,2862015.0,0.3959933120858209,0.041790286606397525,2635.0,0.0,0.17381404174573056,<40,,,,0.6317036168988095,1.0,False,False,False
sexo_faixa_etaria,temp_med,P05_vs_P50,2639.0,2189,1,0.0,0.0,0.8059871163319439,0.788031064412974,2852889.0,0.39670977768430815,0.017956051918969873,,,,40-59,,,,0.6278635064137476,1.0,False,False,False
sexo_faixa_etaria,temp_med,P95_vs_P50,,2189,1,,0.0,,0.788031064412974,2845668.5,0.3598559782497561,0.15504293938209246,2635.0,0.0,0.9430740037950665,40-59,,,,0.6182141164803503,1.0,False,False,False
sexo_faixa_etaria,temp_med,P05_vs_P50,2639.0,2189,1,1.0,1.0,1.5911330049261083,1.5888533576975787,2806851.5,0.07314338382713155,0.00227964722852958,,,,60-79,,,,0.25792666928514807,1.0,False,False,False
sexo_faixa_etaria,temp_med,P95_vs_P50,,2189,1,,1.0,,1.5888533576975787,2830280.0,0.2379324648203135,0.32955271440868317,2635.0,1.0,1.918406072106262,60-79,,,,0.4782442542888301,1.0,False,False,False
sexo_faixa_etaria,temp_med,P05_vs_P50,2639.0,2189,1,0.0,0.0,0.38802576733611216,0.39744175422567385,2878276.0,0.7825178270819872,-0.00941598688956169,,,,80+,,,,0.9091681112339851,1.0,False,False,False
sexo_faixa_etaria,temp_med,P95_vs_P50,,2189,1,,0.0,,0.39744175422567385,2833429.5,0.16294203716221023,0.016599991504876455,2635.0,0.0,0.4140417457305503,80+,,,,0.40433764777289205,1.0,False,False,False
sexo_faixa_etaria,temp_med,P05_vs_P50,2639.0,2189,3,0.0,0.0,0.13641530882910194,0.12654179990863407,2896259.0,0.7652424909250551,0.009873508920467872,,,,<40,,,,0.8942659341624192,1.0,False,False,False
sexo_faixa_etaria,temp_med,P95_vs_P50,,2189,3,,0.0,,0.12654179990863407,2926294.0,0.11747308159606262,0.018809243734629694,2635.0,0.0,0.14535104364326376,<40,,,,0.3632629138585936,1.0,False,False,False
sexo_faixa_etaria,temp_med,P05_vs_P50,2639.0,2189,3,0.0,0.0,0.6782872300113679,0.6528095020557332,2835471.5,0.19945817108738684,0.025477727955634744,,,,40-59,,,,0.4405614548193929,1.0,False,False,False
sexo_faixa_etaria,temp_med,P95_vs_P50,,2189,3,,0.0,,0.6528095020557332,2784332.0,0.014854323018936962,0.04244666492718907,2635.0,0.0,0.6952561669829223,40-59,,,,0.08781526255312733,1.0,False,True,False
sexo_faixa_etaria,temp_med,P05_vs_P50,2639.0,2189,3,0.0,1.0,1.279651383099659,1.3563270899954316,2822478.5,0.14006049021749922,-0.07667570689577263,,,,60-79,,,,0.370423138601544,1.0,False,False,False
sexo_faixa_etaria,temp_med,P95_vs_P50,,2189,3,,1.0,,1.3563270899954316,2829663.5,0.22423744182872585,0.056576135811019945,2635.0,1.0,1.4129032258064516,60-79,,,,0.4694971438288948,1.0,False,False,False
sexo_faixa_etaria,temp_med,P05_vs_P50,2639.0,2189,3,0.0,0.0,0.5918908677529368,0.6098675194152581,2836539.5,0.18924684183885598,-0.01797665166232132,,,,80+,,,,0.42740017089449495,1.0,False,False,False
sexo_faixa_etaria,temp_med,P95_vs_P50,,2189,3,,0.0,,0.6098675194152581,2811718.0,0.0660611167785266,0.03263722441775896,2635.0,0.0,0.642504743833017,80+,,,,0.25053366929214804,1.0,False,False,False
sexo_faixa_etaria,ur_med,P05_vs_P50,2637.0,2825,1,0.0,0.0,0.12627986348122866,0.1384070796460177,3678414.5,0.14207507782104709,-0.01212721616478904,,,,<40,,,,0.37087130703935667,1.0,False,False,False
sexo_faixa_etaria,ur_med,P95_vs_P50,,2825,1,,0.0,,0.1384070796460177,3670265.5,0.061250575345105765,-0.019088897827835877,2640.0,0.0,0.11931818181818182,<40,,,,0.2564867842576304,1.0,False,False,False
sexo_faixa_etaria,ur_med,P05_vs_P50,2637.0,2825,1,0.0,0.0,0.7956010618126659,0.7766371681415929,3726183.5,0.977594647238371,0.018963893671072984,,,,40-59,,,,0.9874197190699123,1.0,False,False,False
sexo_faixa_etaria,ur_med,P95_vs_P50,,2825,1,,0.0,,0.7766371681415929,3598367.5,0.009024066211671232,-0.09709171359613833,2640.0,0.0,0.6795454545454546,40-59,,,,0.06254611408779026,1.0,False,True,False
sexo_faixa_etaria,ur_med,P05_vs_P50,2637.0,2825,1,1.0,1.0,1.5255972696245734,1.6357522123893806,3692005.5,0.5514418966557464,-0.1101549427648072,,,,60-79,,,,0.7340385511775167,1.0,False,False,False
sexo_faixa_etaria,ur_med,P95_vs_P50,,2825,1,,1.0,,1.6357522123893806,3535628.0,0.00041310808060878183,-0.1433279699651382,2640.0,1.0,1.4924242424242424,60-79,,,,0.005535648280157676,0.08303472420236514,True,True,False
sexo_faixa_etaria,ur_med,P05_vs_P50,2637.0,2825,1,0.0,0.0,0.4031095942358741,0.33238938053097344,3784119.5,0.17357001916677117,0.07072021370490067,,,,80+,,,,0.4056694634014071,1.0,False,False,False
sexo_faixa_etaria,ur_med,P95_vs_P50,,2825,1,,0.0,,0.33238938053097344,3604733.0,0.0031598735866610415,-0.04148028962188255,2640.0,0.0,0.2909090909090909,80+,,,,0.026463941288286223,0.6351345909188694,True,True,False
sexo_faixa_etaria,ur_med,P05_vs_P50,2637.0,2825,3,0.0,0.0,0.14675767918088736,0.1536283185840708,3703233.5,0.5152893180598695,-0.006870639403183443,,,,<40,,,,0.7142976064140261,1.0,False,False,False
sexo_faixa_etaria,ur_med,P95_vs_P50,,2825,3,,0.0,,0.1536283185840708,3628381.0,0.001592729215621562,-0.033552561008313234,2640.0,0.0,0.12007575757575757,<40,,,,0.014551753288178816,0.320138572339934,True,True,False
sexo_faixa_etaria,ur_med,P05_vs_P50,2637.0,2825,3,0.0,0.0,0.6799393249905196,0.6739823008849557,3752862.5,0.5680323564751273,0.005957024105563868,,,,40-59,,,,0.7511480503388196,1.0,False,False,False
sexo_faixa_etaria,ur_med,P95_vs_P50,,2825,3,,0.0,,0.6739823008849557,3661848.5,0.1686028393520772,-0.04670957361222838,2640.0,0.0,0.6272727272727273,40-59,,,,0.4034425084496133,1.0,False,False,False
sexo_faixa_etaria,ur_med,P05_vs_P50,2637.0,2825,3,1.0,0.0,1.3276450511945392,1.2594690265486725,3767507.5,0.42903826910350573,0.0681760246458667,,,,60-79,,,,0.6435574036552586,1.0,False,False,False
sexo_faixa_etaria,ur_med,P95_vs_P50,,2825,3,,0.0,,1.2594690265486725,3548204.5,0.0007177066635081201,-0.10037811745776337,2640.0,0.0,1.1590909090909092,60-79,,,,0.007592581019217482,0.14425903936513215,True,True,False
sexo_faixa_etaria,ur_med,P05_vs_P50,2637.0,2825,3,0.0,0.0,0.6109215017064846,0.6169911504424779,3724073.5,0.988618043097167,-0.006069648735993249,,,,80+,,,,0.9935611333126529,1.0,False,False,False
sexo_faixa_etaria,ur_med,P95_vs_P50,,2825,3,,0.0,,0.6169911504424779,3593864.0,0.004482121571038423,-0.10524872620005365,2640.0,0.0,0.5117424242424242,80+,,,,0.034650247529950884,0.900906435778723,True,True,False
desfecho,temp_med,P05_vs_P50,2639.0,2189,,3.0,3.0,5.601364153088291,5.6518958428506165,2811948.0,0.1101002704129387,-0.050531689762325804,,,,,internacao,,,0.3457836617656356,1.0,False,False,False
desfecho,temp_med,P95_vs_P50,,2189,,,3.0,,5.6518958428506165,2799959.5,0.07864908545876786,0.6934552007926476,2635.0,3.0,6.345351043643264,,internacao,,,0.2725597616760748,1.0,False,False,False
desfecho,temp_med,P05_vs_P50,2639.0,2189,,1.0,1.0,2.9689276241000377,2.935130196436729,2868003.0,0.6636358025652095,0.03379742766330862,,,,,obito,,,0.8133585141195555,1.0,False,False,False
desfecho,temp_med,P95_vs_P50,,2189,,,1.0,,2.935130196436729,2657973.0,1.1903224390162904e-06,-0.19812829890352246,2635.0,1.0,2.7370018975332067,,obito,,,7.975160341409146e-05,0.00023925481024227437,True,True,True
desfecho,ur_med,P05_vs_P50,2637.0,2825,,3.0,3.0,5.615851346226773,5.587256637168141,3734612.5,0.8646872229803026,0.028594709058631373,,,,,internacao,,,0.9445768033643523,1.0,False,False,False
desfecho,ur_med,P95_vs_P50,,2825,,,3.0,,5.587256637168141,3472535.0,9.047729990080048e-06,-0.5868778492893538,2640.0,2.0,5.0003787878787875,,internacao,,,0.00036371874560121794,0.0018185937280060897,True,True,True
desfecho,ur_med,P05_vs_P50,2637.0,2825,,1.0,1.0,2.83996966249526,2.989380530973451,3610271.0,0.04217916763920776,-0.14941086847819118,,,,,obito,,,0.20185744513049425,1.0,False,False,False
desfecho,ur_med,P95_vs_P50,,2825,,,1.0,,2.989380530973451,3702437.0,0.638447909746815,-0.2484714400643604,2640.0,1.0,2.7409090909090907,,obito,,,0.8226155760199347,1.0,False,False,False
cid_grupo,temp_med,P05_vs_P50,2238.0,1820,,3.0,3.0,5.511170688114388,5.6752747252747255,1930227.5,0.0036805195894911357,-0.16410403716033795,,,,,,I64_nao_especificado,,0.02959137749950873,0.7397844374877183,True,True,False
cid_grupo,temp_med,P95_vs_P50,,1820,,,3.0,,5.6752747252747255,1902419.0,0.05162376392277375,-0.2341118272590359,2167.0,3.0,5.44116289801569,,,I64_nao_especificado,,0.23058614552172274,1.0,False,False,False
cid_grupo,temp_med,P05_vs_P50,1402.0,1170,,2.0,2.0,3.674750356633381,3.6982905982905985,809460.0,0.5450299079607313,-0.023540241657217464,,,,,,I65-I69_outros,,0.7352416879201811,1.0,False,False,False
cid_grupo,temp_med,P95_vs_P50,,1170,,,2.0,,3.6982905982905985,769884.0,0.12663791880538908,2.1158166757725905,1361.0,2.0,5.814107274063189,,,I65-I69_outros,,0.3743267894100471,1.0,False,False,False
cid_grupo,temp_med,P05_vs_P50,1450.0,1195,,2.0,2.0,2.846896551724138,2.7548117154811718,852556.5,0.4492433973097547,0.09208483624296626,,,,,,I60-I62_hemorragico,,0.6639553151416228,1.0,False,False,False
cid_grupo,temp_med,P95_vs_P50,,1195,,,2.0,,2.7548117154811718,754457.5,0.01648073507972396,-0.2897478537230951,1331.0,1.0,2.4650638617580767,,,I60-I62_hemorragico,,0.09464650717212902,1.0,False,True,False
cid_grupo,temp_med,P05_vs_P50,570.0,531,,1.0,1.0,1.7596491228070175,1.5988700564971752,155475.0,0.36340799794320866,0.1607790663098423,,,,,,I63_isquemico,,0.6036777486494623,1.0,False,False,False
cid_grupo,temp_med,P95_vs_P50,,531,,,1.0,,1.5988700564971752,154782.5,0.6436446997878273,0.048086465241955256,575.0,1.0,1.6469565217391304,,,I63_isquemico,,0.8240292016391929,1.0,False,False,False
cid_grupo,ur_med,P05_vs_P50,2179.0,2335,,3.0,3.0,5.769160165213401,5.8659528907922915,2526069.5,0.6782302858159845,-0.09679272557889096,,,,,,I64_nao_especificado,,0.8212306472832103,1.0,False,False,False
cid_grupo,ur_med,P95_vs_P50,,2335,,,3.0,,5.8659528907922915,2332098.5,3.0117347831520456e-05,-0.7571156814899656,2150.0,3.0,5.108837209302326,,,I64_nao_especificado,,0.0008647981305908017,0.0060535869141356115,True,True,True
cid_grupo,ur_med,P05_vs_P50,1395.0,1498,,2.0,2.0,3.6114695340501792,3.4018691588785046,1046791.5,0.9268615225053625,0.20960037517167462,,,,,,I65-I69_outros,,0.965280652971906,1.0,False,False,False
cid_grupo,ur_med,P95_vs_P50,,1498,,,2.0,,3.4018691588785046,1020902.0,0.9717998045639276,0.23596075314495568,1364.0,2.0,3.6378299120234603,,,I65-I69_outros,,0.9865240440270174,1.0,False,False,False
cid_grupo,ur_med,P05_vs_P50,1366.0,1523,,2.0,2.0,2.6910688140556367,2.830597504924491,1021569.5,0.37610316527239196,-0.13952869086885444,,,,,,I60-I62_hemorragico,,0.6146076115426893,1.0,False,False,False
cid_grupo,ur_med,P95_vs_P50,,1523,,,2.0,,2.830597504924491,979238.0,0.4098363512011576,-0.05154551715690703,1308.0,2.0,2.779051987767584,,,I60-I62_hemorragico,,0.6435711452455678,1.0,False,False,False
cid_grupo,ur_med,P05_vs_P50,608.0,681,,1.0,1.0,1.6661184210526316,1.6519823788546255,211507.5,0.43705864407744277,0.014136042198006127,,,,,,I63_isquemico,,0.6507317589597481,1.0,False,False,False
cid_grupo,ur_med,P95_vs_P50,,681,,,1.0,,1.6519823788546255,180240.0,0.9132898056473022,-0.03992964815782707,531.0,1.0,1.6120527306967984,,,I63_isquemico,,0.9611060258382604,1.0,False,False,False
macro_regiao,temp_med,P05_vs_P50,200.0,167,,2.0,1.0,1.83,1.778443113772455,17282.0,0.5317787553956805,0.05155688622754506,,,,,,,Baia da Ilha Grande,0.7321063687296698,1.0,False,False,False
macro_regiao,temp_med,P95_vs_P50,,167,,,1.0,,1.778443113772455,15674.0,0.2586281254468846,-0.11344311377245497,200.0,1.0,1.665,,,,Baia da Ilha Grande,0.49508812585546486,1.0,False,False,False
macro_regiao,temp_med,P05_vs_P50,274.0,212,,3.0,2.0,2.9160583941605838,2.80188679245283,31012.0,0.1888569877623839,0.11417160170775364,,,,,,,Baixada Litoranea,0.4313665288663541,1.0,False,False,False
macro_regiao,temp_med,P95_vs_P50,,212,,,2.0,,2.80188679245283,30493.0,0.15738300548806727,0.19438186426358772,268.0,3.0,2.996268656716418,,,,Baixada Litoranea,0.395424801288769,1.0,False,False,False
macro_regiao,temp_med,P05_vs_P50,260.0,177,,2.0,3.0,2.6615384615384614,3.005649717514124,20567.5,0.05365958390277028,-0.3441112559756627,,,,,,,Centro-Sul,0.23446905140123536,1.0,False,False,False
macro_regiao,temp_med,P95_vs_P50,,177,,,3.0,,3.005649717514124,21933.5,0.1695500056720739,-0.23326165781263164,268.0,2.5,2.7723880597014925,,,,Centro-Sul,0.40093589576572775,1.0,False,False,False
macro_regiao,temp_med,P05_vs_P50,290.0,246,,6.0,5.0,6.979310344827586,6.073170731707317,40521.5,0.006306935567809924,0.9061396131202688,,,,,,,Medio Paraiba,0.04695163144925165,1.0,True,True,False
macro_regiao,temp_med,P95_vs_P50,,246,,,5.0,,6.073170731707317,32674.5,0.1541374354123383,-0.07317073170731714,286.0,5.0,6.0,,,,Medio Paraiba,0.39217246225164554,1.0,False,False,False
macro_regiao,temp_med,P05_vs_P50,293.0,247,,39.0,36.0,40.77133105802048,37.60323886639676,43135.0,0.00011840928998986818,3.168092191623721,,,,,,,Metropolitana I,0.002975033410995438,0.023800267287963504,True,True,True
macro_regiao,temp_med,P95_vs_P50,,247,,,36.0,,37.60323886639676,34611.5,0.4205885349940106,9.472103599356664,292.0,36.0,47.07534246575342,,,,Metropolitana I,0.6553356242929933,1.0,False,False,False
macro_regiao,temp_med,P05_vs_P50,293.0,338,,8.0,9.0,8.450511945392492,9.674556213017752,38009.0,4.236931930349977e-07,-1.2240442676252599,,,,,,,Metropolitana II,4.2581165900017266e-05,8.516233180003453e-05,True,True,True
macro_regiao,temp_med,P95_vs_P50,,338,,,9.0,,9.674556213017752,52510.5,0.1636200972619959,0.4144848828726584,292.0,10.0,10.08904109589041,,,,Metropolitana II,0.40106877499586796,1.0,False,False,False
macro_regiao,temp_med,P05_vs_P50,269.0,164,,2.0,2.0,2.557620817843866,2.707317073170732,21010.5,0.3940127584250067,-0.14969625532686592,,,,,,,Noroeste,0.6335725155474108,1.0,False,False,False
macro_regiao,temp_med,P95_vs_P50,,164,,,2.0,,2.707317073170732,20781.5,0.6528638129124782,-0.04577861163227048,260.0,2.0,2.6615384615384614,,,,Noroeste,0.8305419392114437,1.0,False,False,False
macro_regiao,temp_med,P05_vs_P50,290.0,242,,4.0,4.0,4.427586206896552,4.045454545454546,39192.0,0.018897846500129878,0.3821316614420063,,,,,,,Norte,0.10551297629239181,1.0,False,False,False
macro_regiao,temp_med,P95_vs_P50,,242,,,4.0,,4.045454545454546,33960.0,0.8690003908186025,-0.11965949245101237,283.0,4.0,3.9257950530035335,,,,Norte,0.939081067497522,1.0,False,False,False
macro_regiao,temp_med,P05_vs_P50,293.0,235,,6.0,5.0,7.993174061433447,8.080851063829787,37283.5,0.09947592448620722,-0.08767700239633935,,,,,,,Serrana,0.327781324946355,1.0,False,False,False
macro_regiao,temp_med,P95_vs_P50,,235,,,5.0,,8.080851063829787,32166.5,0.326966562884055,-1.6850177304964538,288.0,5.0,6.395833333333333,,,,Serrana,0.5764936766639916,1.0,False,False,False
macro_regiao,ur_med,P05_vs_P50,195.0,203,,1.0,1.0,1.682051282051282,1.7438423645320198,19365.5,0.6776438065122362,-0.061791082480737725,,,,,,,Baia da Ilha Grande,0.825493364296724,1.0,False,False,False
macro_regiao,ur_med,P95_vs_P50,,203,,,1.0,,1.7438423645320198,19623.0,0.7402281910583162,-0.04384236453201984,190.0,1.0,1.7,,,,Baia da Ilha Grande,0.8700927859808278,1.0,False,False,False
macro_regiao,ur_med,P05_vs_P50,272.0,269,,3.0,3.0,2.8933823529411766,2.866171003717472,36479.5,0.9533883779024567,0.027211349223704495,,,,,,,Baixada Litoranea,0.9777095099918051,1.0,False,False,False
macro_regiao,ur_med,P95_vs_P50,,269,,,3.0,,2.866171003717472,31510.0,0.2046626624354323,-0.17017100371747196,250.0,2.0,2.696,,,,Baixada Litoranea,0.44714342553828146,1.0,False,False,False
macro_regiao,ur_med,P05_vs_P50,257.0,266,,2.0,2.0,2.6809338521400776,2.582706766917293,35224.5,0.5346176256803198,0.09822708522278445,,,,,,,Centro-Sul,0.7310077738894168,1.0,False,False,False
macro_regiao,ur_med,P95_vs_P50,,266,,,2.0,,2.582706766917293,32906.0,0.6544960489952325,0.05365686944634307,253.0,2.0,2.6363636363636362,,,,Centro-Sul,0.8222106615502609,1.0,False,False,False
macro_regiao,ur_med,P05_vs_P50,289.0,324,,5.0,5.0,6.477508650519031,6.1234567901234565,44901.0,0.3778472550100891,0.35405186039557446,,,,,,,Medio Paraiba,0.6124782117502251,1.0,False,False,False
macro_regiao,ur_med,P95_vs_P50,,324,,,5.0,,6.1234567901234565,45066.5,0.46365106916753995,0.08487654320987659,288.0,5.0,6.208333333333333,,,,Medio Paraiba,0.6753178616135908,1.0,False,False,False
macro_regiao,ur_med,P05_vs_P50,293.0,335,,38.0,38.0,38.877133105802045,38.698507462686564,49072.5,0.9984161030168804,0.17862564311548113,,,,,,,Metropolitana I,0.9984161030168804,1.0,False,False,False
macro_regiao,ur_med,P95_vs_P50,,335,,,38.0,,38.698507462686564,40636.5,0.00019652968308631793,-2.469838520707043,293.0,36.0,36.22866894197952,,,,Metropolitana I,0.0030386512538730696,0.039502466300349905,True,True,True
macro_regiao,ur_med,P05_vs_P50,293.0,328,,10.0,10.0,10.542662116040956,10.070121951219512,50415.5,0.28816032963323834,0.472540164821444,,,,,,,Metropolitana II,0.5313782225346873,1.0,False,False,False
macro_regiao,ur_med,P95_vs_P50,,328,,,10.0,,10.070121951219512,30452.0,1.5569495771196691e-15,-2.4000539240086276,294.0,7.0,7.670068027210885,,,,Metropolitana II,3.129468650010535e-13,3.129468650010535e-13,True,True,True
macro_regiao,ur_med,P05_vs_P50,255.0,261,,2.0,2.0,2.815686274509804,2.8007662835249043,36878.5,0.029048543846183918,0.014919990984899822,,,,,,,Noroeste,0.14596893282707418,1.0,False,False,False
macro_regiao,ur_med,P95_vs_P50,,261,,,2.0,,2.8007662835249043,35621.0,0.24024610063088847,0.14109418159137466,258.0,2.0,2.941860465116279,,,,Noroeste,0.47811352699810483,1.0,False,False,False
macro_regiao,ur_med,P05_vs_P50,277.0,282,,4.0,4.0,4.292418772563177,4.170212765957447,39447.0,0.8366486916022001,0.12220600660572956,,,,,,,Norte,0.9290960608400124,1.0,False,False,False
macro_regiao,ur_med,P95_vs_P50,,282,,,4.0,,4.170212765957447,38116.5,0.22550989133425603,-0.11794795759507792,287.0,4.0,4.052264808362369,,,,Norte,0.4672936923524274,1.0,False,False,False
macro_regiao,ur_med,P05_vs_P50,292.0,326,,6.0,6.0,7.654109589041096,6.929447852760736,49935.0,0.2884540986543127,0.7246617362803596,,,,,,,Serrana,0.5270843075410623,1.0,False,False,False
macro_regiao,ur_med,P95_vs_P50,,326,,,6.0,,6.929447852760736,43833.5,0.10137172306742945,0.6066346214660676,291.0,5.0,7.536082474226804,,,,Serrana,0.3286405860734406,1.0,False,False,False
sexo_desfecho,temp_med,P05_vs_P50,2639.0,2189,0,0.0,0.0,0.0007578628268283441,0.0,2890574.5,0.19779954493115015,0.0007578628268283441,,,,,obito,,,0.44175231701290196,1.0,False,False,False
sexo_desfecho,temp_med,P05_vs_P50,2639.0,2189,1,1.0,1.0,2.9151193633952253,2.9063499314755594,2802269.5,0.06785856341626145,0.008769431919665838,,,,,internacao,,,0.24799220448488277,1.0,False,False,False
sexo_desfecho,temp_med,P95_vs_P50,,2189,1,,1.0,,2.9063499314755594,2810923.5,0.12086823578943717,0.5429859319020496,2635.0,1.0,3.449335863377609,,internacao,,,0.3680987180860132,1.0,False,False,False
sexo_desfecho,temp_med,P05_vs_P50,2639.0,2189,1,0.0,1.0,1.4414550966275104,1.46094106898127,2847525.5,0.3604345331546659,-0.019485972353759706,,,,,obito,,,0.6139605183397275,1.0,False,False,False
sexo_desfecho,temp_med,P95_vs_P50,,2189,1,,1.0,,1.46094106898127,2685714.5,6.860952257747377e-06,-0.18276270085982804,2635.0,0.0,1.278178368121442,,obito,,,0.0003447628509518057,0.0013790514038072227,True,True,True
sexo_desfecho,temp_med,P05_vs_P50,2639.0,2189,2,0.0,0.0,1.526714664645699,1.474189127455459,2882588.5,0.8963738714957548,0.05252553719024,,,,,obito,,,0.9532864982573901,1.0,False,False,False
sexo_desfecho,temp_med,P95_vs_P50,,2189,2,,0.0,,1.474189127455459,2739432.5,0.000991280829612815,-0.015365598043694417,2635.0,0.0,1.4588235294117646,,obito,,,0.00996237233760879,0.19924744675217582,True,True,False
sexo_desfecho,temp_med,P05_vs_P50,2639.0,2189,3,1.0,1.0,2.6862447896930655,2.745545911375057,2818398.0,0.1368266508166279,-0.05930112168199164,,,,,internacao,,,0.3767418741663316,1.0,False,False,False
sexo_desfecho,temp_med,P95_vs_P50,,2189,3,,1.0,,2.745545911375057,2805120.5,0.09319305037671614,0.15046926889059753,2635.0,1.0,2.8960151802656546,,internacao,,,0.3121967187619991,1.0,False,False,False
sexo_desfecho,ur_med,P05_vs_P50,2637.0,2825,0,0.0,0.0,0.0003792188092529389,0.0,3726175.0,0.30082467100898,0.0003792188092529389,,,,,obito,,,0.5447365664216666,1.0,False,False,False
sexo_desfecho,ur_med,P05_vs_P50,2637.0,2825,1,1.0,1.0,2.850587789154342,2.8831858407079647,3715110.0,0.8654557530158827,-0.03259805155362283,,,,,internacao,,,0.9403059803037428,1.0,False,False,False
sexo_desfecho,ur_med,P95_vs_P50,,2825,1,,1.0,,2.8831858407079647,3482086.0,1.3956330671527096e-05,-0.30098887101099514,2640.0,1.0,2.5821969696969695,,internacao,,,0.00046753707749615773,0.0028052224649769463,True,True,True
sexo_desfecho,ur_med,P05_vs_P50,2637.0,2825,1,0.0,0.0,1.3564656806977626,1.4392920353982301,3646763.5,0.14452798055401234,-0.08282635470046751,,,,,obito,,,0.3724374883507241,1.0,False,False,False
sexo_desfecho,ur_med,P95_vs_P50,,2825,1,,0.0,,1.4392920353982301,3707702.5,0.691798499289184,-0.1188374899436846,2640.0,0.0,1.3204545454545455,,obito,,,0.8326437027372813,1.0,False,False,False
sexo_desfecho,ur_med,P05_vs_P50,2637.0,2825,2,0.0,0.0,1.4831247629882442,1.5500884955752212,3633383.0,0.08646327047055072,-0.06696373258697697,,,,,obito,,,0.29456131126407953,1.0,False,False,False
sexo_desfecho,ur_med,P95_vs_P50,,2825,2,,0.0,,1.5500884955752212,3680495.0,0.364992289532998,-0.13001273799946356,2640.0,0.0,1.4200757575757577,,obito,,,0.601339755706005,1.0,False,False,False
sexo_desfecho,ur_med,P05_vs_P50,2637.0,2825,3,1.0,1.0,2.765263557072431,2.704070796460177,3761761.0,0.5150070473546248,0.06119276061225376,,,,,internacao,,,0.7188640035991638,1.0,False,False,False
sexo_desfecho,ur_med,P95_vs_P50,,2825,3,,1.0,,2.704070796460177,3535163.0,0.0006268013825613229,-0.28588897827835913,2640.0,1.0,2.418181818181818,,internacao,,,0.006999282105268105,0.12598707789482588,True,True,False
sexo_desfecho,ur_med,P95_vs_P50,,2825,9,,0.0,,0.0,3730412.5,0.3010994728528117,0.0003787878787878788,2640.0,0.0,0.0003787878787878788,,obito,,,0.5403660182447781,1.0,False,False,False
faixa_etaria_desfecho,temp_med,P05_vs_P50,2639.0,2189,,0.0,0.0,0.26638878363016294,0.25856555504796713,2862091.5,0.4255608988868509,0.007823228582195807,,,,<40,internacao,,,0.6455678541604304,1.0,False,False,False
faixa_etaria_desfecho,temp_med,P95_vs_P50,,2189,,,0.0,,0.25856555504796713,2892880.0,0.7908523214441451,0.060599530341027164,2635.0,0.0,0.3191650853889943,<40,internacao,,,0.9109531037838005,1.0,False,False,False
faixa_etaria_desfecho,temp_med,P05_vs_P50,2639.0,2189,,1.0,1.0,1.484274346343312,1.4408405664687072,2819595.0,0.1297498009219563,0.04343377987460473,,,,40-59,internacao,,,0.37524762568795994,1.0,False,False,False
faixa_etaria_desfecho,temp_med,P95_vs_P50,,2189,,,1.0,,1.4408405664687072,2792301.5,0.04303674302947303,0.19748960430928153,2635.0,1.0,1.6383301707779887,40-59,internacao,,,0.1988594333085995,1.0,False,False,False
faixa_etaria_desfecho,temp_med,P05_vs_P50,2639.0,2189,,1.0,1.0,2.8707843880257675,2.9451804476930104,2817853.0,0.13431645320183652,-0.07439605966724283,,,,60-79,internacao,,,0.3775889103995684,1.0,False,False,False
faixa_etaria_desfecho,temp_med,P95_vs_P50,,2189,,,1.0,,2.9451804476930104,2828826.0,0.24111402368030443,0.38612885021970333,2635.0,1.0,3.3313092979127137,60-79,internacao,,,0.47281871960723115,1.0,False,False,False
faixa_etaria_desfecho,temp_med,P05_vs_P50,2639.0,2189,,0.0,0.0,0.9799166350890489,1.007309273640932,2840046.5,0.26369845415422466,-0.02739263855188301,,,,80+,internacao,,,0.4930547840465038,1.0,False,False,False
faixa_etaria_desfecho,temp_med,P95_vs_P50,,2189,,,0.0,,1.007309273640932,2803726.0,0.06243722991613736,0.049237215922635524,2635.0,0.0,1.0565464895635674,80+,internacao,,,0.24851253887413086,1.0,False,False,False
faixa_etaria_desfecho,ur_med,P05_vs_P50,2637.0,2825,,0.0,0.0,0.27303754266211605,0.2920353982300885,3664603.5,0.13928599687954862,-0.018997855567972455,,,,<40,internacao,,,0.37579174997032583,1.0,False,False,False
faixa_etaria_desfecho,ur_med,P95_vs_P50,,2825,,,0.0,,0.2920353982300885,3589924.5,0.000495248338004097,-0.052641458836149124,2640.0,0.0,0.23939393939393938,<40,internacao,,,0.006033025208413546,0.0995449159388235,True,True,False
faixa_etaria_desfecho,ur_med,P05_vs_P50,2637.0,2825,,1.0,1.0,1.4755403868031853,1.4506194690265486,3762216.5,0.4934775076209701,0.024920917776636742,,,,40-59,internacao,,,0.700982183970424,1.0,False,False,False
faixa_etaria_desfecho,ur_med,P95_vs_P50,,2825,,,1.0,,1.4506194690265486,3591389.0,0.011350579356905883,-0.1438012872083667,2640.0,1.0,1.3068181818181819,40-59,internacao,,,0.07242750637263753,1.0,False,True,False
faixa_etaria_desfecho,ur_med,P05_vs_P50,2637.0,2825,,1.0,1.0,2.8532423208191124,2.895221238938053,3736971.5,0.8301637151717403,-0.04197891811894072,,,,60-79,internacao,,,0.9295983662925894,1.0,False,False,False
faixa_etaria_desfecho,ur_med,P95_vs_P50,,2825,,,1.0,,2.895221238938053,3511954.0,0.00013217466244559926,-0.24370608742290178,2640.0,1.0,2.6515151515151514,60-79,internacao,,,0.002796537594901626,0.02656710715156545,True,True,True
faixa_etaria_desfecho,ur_med,P05_vs_P50,2637.0,2825,,0.0,0.0,1.0140310959423589,0.9493805309734513,3736620.5,0.8207307954084258,0.06465056496890753,,,,80+,internacao,,,0.9293909288850342,1.0,False,False,False
faixa_etaria_desfecho,ur_med,P95_vs_P50,,2825,,,0.0,,0.9493805309734513,3533775.5,0.00015878793824257553,-0.1467290158219362,2640.0,0.0,0.8026515151515151,80+,internacao,,,0.002775337007544146,0.03191637558675768,True,True,True
sexo_cidgrupo,temp_med,P05_vs_P50,768.0,646,2,1.0,1.0,1.8346354166666667,1.8126934984520124,244490.5,0.5918224526052642,0.0219419182146543,,,,,,I65-I69_outros,,0.7774922416578962,1.0,False,False,False
sexo_cidgrupo,temp_med,P95_vs_P50,,646,2,,1.0,,1.8126934984520124,246212.0,0.07166198704538707,0.26444148777388277,726.0,1.0,2.077134986225895,,,I65-I69_outros,,0.25721534635933574,1.0,False,False,False
sexo_cidgrupo,temp_med,P05_vs_P50,1560.0,1311,3,2.0,2.0,2.9198717948717947,2.9298245614035086,973618.5,0.019763626773238358,-0.009952766531713841,,,,,,I64_nao_especificado,,0.10736456706543,1.0,False,False,False
sexo_cidgrupo,temp_med,P95_vs_P50,,1311,3,,2.0,,2.9298245614035086,1003903.0,0.24611227517681133,-0.10955687497903455,1569.0,2.0,2.820267686424474,,,I64_nao_especificado,,0.47565930106287574,1.0,False,False,False
sexo_cidgrupo,temp_med,P05_vs_P50,1788.0,1512,1,2.0,2.0,3.4949664429530203,3.480820105820106,1319182.0,0.21557918882780414,0.014146337132914244,,,,,,I64_nao_especificado,,0.4609725207913684,1.0,False,False,False
sexo_cidgrupo,temp_med,P95_vs_P50,,1512,1,,2.0,,3.480820105820106,1294493.5,0.35283033541511044,-0.11900817921460138,1744.0,2.0,3.3618119266055047,,,I64_nao_especificado,,0.6113698053313551,1.0,False,False,False
sexo_cidgrupo,temp_med,P05_vs_P50,579.0,480,2,1.0,1.0,1.8203799654576858,1.6791666666666667,145551.0,0.12418852848112823,0.14121329879101907,,,,,,I60-I62_hemorragico,,0.3725655854433847,1.0,False,False,False
sexo_cidgrupo,temp_med,P95_vs_P50,,480,2,,1.0,,1.6791666666666667,117954.5,0.4564116632451424,0.006249999999999867,480.0,1.0,1.6854166666666666,,,I60-I62_hemorragico,,0.6696258708925081,1.0,False,False,False
sexo_cidgrupo,temp_med,P05_vs_P50,742.0,606,2,1.0,1.0,2.0619946091644206,2.0214521452145213,223996.0,0.895164574969723,0.04054246394989924,,,,,,I64_nao_especificado,,0.95706425302614,1.0,False,False,False
sexo_cidgrupo,temp_med,P95_vs_P50,,606,2,,1.0,,2.0214521452145213,209877.5,0.022598685000298192,0.2944184248933368,649.0,1.0,2.315870570107858,,,I64_nao_especificado,,0.1164701457707676,1.0,False,False,False
sexo_cidgrupo,temp_med,P05_vs_P50,979.0,810,1,1.0,1.0,2.7507660878447395,2.7049382716049384,395225.0,0.8972182029325476,0.045827816239801145,,,,,,I65-I69_outros,,0.9491624146812742,1.0,False,False,False
sexo_cidgrupo,temp_med,P95_vs_P50,,810,1,,1.0,,2.7049382716049384,369896.5,0.4991462585785821,2.069012212786881,929.0,1.0,4.773950484391819,,,I65-I69_outros,,0.7015971886314336,1.0,False,False,False
sexo_cidgrupo,temp_med,P05_vs_P50,1000.0,861,1,1.0,1.0,2.044,1.9291521486643437,438679.5,0.4207182393744179,0.11484785133565634,,,,,,I60-I62_hemorragico,,0.6504951239558308,1.0,False,False,False
sexo_cidgrupo,temp_med,P95_vs_P50,,861,1,,1.0,,1.9291521486643437,394162.0,0.7042985092649252,-0.1120525815647766,924.0,1.0,1.817099567099567,,,I60-I62_hemorragico,,0.842642859299107,1.0,False,False,False
sexo_cidgrupo,temp_med,P05_vs_P50,361.0,344,1,1.0,1.0,1.4155124653739612,1.2936046511627908,63734.0,0.4210008347475439,0.12190781421117047,,,,,,I63_isquemico,,0.6459631128569185,1.0,False,False,False
sexo_cidgrupo,temp_med,P95_vs_P50,,344,1,,1.0,,1.2936046511627908,62872.5,0.7057085488909354,0.003692646134506594,370.0,1.0,1.2972972972972974,,,I63_isquemico,,0.8393338362548994,1.0,False,False,False
sexo_cidgrupo,temp_med,P05_vs_P50,684.0,557,3,1.0,1.0,1.5043859649122806,1.481149012567325,192777.5,0.6551573929925647,0.023236952344955597,,,,,,I60-I62_hemorragico,,0.8179294160963075,1.0,False,False,False
sexo_cidgrupo,temp_med,P95_vs_P50,,557,3,,1.0,,1.481149012567325,152664.5,0.01091070219029711,-0.13250955678501208,588.0,1.0,1.348639455782313,,,I60-I62_hemorragico,,0.07310170467499064,1.0,False,True,False
sexo_cidgrupo,temp_med,P05_vs_P50,376.0,338,3,1.0,1.0,2.7898936170212765,2.8550295857988166,68738.5,0.022492386499635725,-0.06513596877754013,,,,,,I65-I69_outros,,0.11897288648491527,1.0,False,False,False
sexo_cidgrupo,temp_med,P95_vs_P50,,338,3,,1.0,,2.8550295857988166,64480.5,0.9668709277168146,2.315574088741866,381.0,1.0,5.170603674540683,,,I65-I69_outros,,0.986502824726293,1.0,False,False,False
sexo_cidgrupo,temp_med,P05_vs_P50,328.0,289,3,1.0,1.0,1.3902439024390243,1.3114186851211074,48952.5,0.3618762151272059,0.07882521731791692,,,,,,I63_isquemico,,0.6112362961392301,1.0,False,False,False
sexo_cidgrupo,temp_med,P95_vs_P50,,289,3,,1.0,,1.3114186851211074,48513.0,0.36226529502221827,0.0516582379558157,325.0,1.0,1.363076923076923,,,I63_isquemico,,0.6067943691622156,1.0,False,False,False
sexo_cidgrupo,temp_med,P95_vs_P50,,25,2,,1.0,,1.0,300.0,0.3168900548229616,0.04347826086956519,23.0,1.0,1.0434782608695652,,,I63_isquemico,,0.5636716904373034,1.0,False,False,False
sexo_cidgrupo,ur_med,P05_vs_P50,771.0,845,2,1.0,1.0,1.9299610894941635,1.9136094674556212,322074.0,0.6557569777119447,0.016351622038542235,,,,,,I65-I69_outros,,0.8136243982722277,1.0,False,False,False
sexo_cidgrupo,ur_med,P95_vs_P50,,845,2,,1.0,,1.9136094674556212,302069.5,0.16662932168129096,-0.10659192359597203,741.0,1.0,1.8070175438596492,,,I65-I69_outros,,0.4035240199751745,1.0,False,False,False
sexo_cidgrupo,ur_med,P05_vs_P50,1572.0,1662,3,2.0,2.0,3.0610687022900764,3.068592057761733,1288761.0,0.4882532758084831,-0.007523355471656501,,,,,,I64_nao_especificado,,0.7060353125000367,1.0,False,False,False
sexo_cidgrupo,ur_med,P95_vs_P50,,1662,3,,2.0,,3.068592057761733,1139365.5,0.0015740446255481854,-0.29089027937596024,1462.0,2.0,2.7777017783857727,,,I64_nao_especificado,,0.015065855701675488,0.31638296973518526,True,True,False
sexo_cidgrupo,ur_med,P05_vs_P50,1777.0,1923,1,2.0,2.0,3.509848058525605,3.6068642745709827,1714142.0,0.8590544043227288,-0.09701621604537758,,,,,,I64_nao_especificado,,0.943551558846276,1.0,False,False,False
sexo_cidgrupo,ur_med,P95_vs_P50,,1923,1,,2.0,,3.6068642745709827,1569686.5,0.0139011523327485,-0.3787940991323864,1710.0,2.0,3.2280701754385963,,,I64_nao_especificado,,0.08467065511764996,1.0,False,True,False
sexo_cidgrupo,ur_med,P05_vs_P50,503.0,641,2,1.0,1.0,1.7077534791252484,1.6645865834633384,160289.5,0.848252748943781,0.04316689566191001,,,,,,I60-I62_hemorragico,,0.9368066073499999,1.0,False,False,False
sexo_cidgrupo,ur_med,P95_vs_P50,,641,2,,1.0,,1.6645865834633384,179846.5,0.7982634238367742,0.08945291384366327,557.0,1.0,1.7540394973070017,,,I60-I62_hemorragico,,0.9116531147226795,1.0,False,False,False
sexo_cidgrupo,ur_med,P05_vs_P50,693.0,766,2,1.0,1.0,2.1948051948051948,2.1684073107049606,264353.0,0.8843945760702043,0.026397884100234137,,,,,,I64_nao_especificado,,0.9506059347064763,1.0,False,False,False
sexo_cidgrupo,ur_med,P95_vs_P50,,766,2,,1.0,,2.1684073107049606,251474.0,0.03779717364518594,-0.1540394946130066,696.0,1.0,2.014367816091954,,,I64_nao_especificado,,0.18529833908981402,1.0,False,False,False
sexo_cidgrupo,ur_med,P05_vs_P50,941.0,1012,1,1.0,1.0,2.6439957492029755,2.4802371541501977,469193.5,0.5380836554963884,0.1637585950527778,,,,,,I65-I69_outros,,0.7307757753700951,1.0,False,False,False
sexo_cidgrupo,ur_med,P95_vs_P50,,1012,1,,1.0,,2.4802371541501977,462547.0,0.6544526941562461,0.31305288913984564,924.0,1.0,2.7932900432900434,,,I65-I69_outros,,0.8273269907258205,1.0,False,False,False
sexo_cidgrupo,ur_med,P05_vs_P50,961.0,1085,1,1.0,1.0,1.9604578563995838,2.0258064516129033,507820.0,0.26008609146913886,-0.06534859521331948,,,,,,I60-I62_hemorragico,,0.49318211684242363,1.0,False,False,False
sexo_cidgrupo,ur_med,P95_vs_P50,,1085,1,,1.0,,2.0258064516129033,472385.0,0.2298375723886944,-0.0626368087557605,896.0,1.0,1.9631696428571428,,,I60-I62_hemorragico,,0.46663991969825835,1.0,False,False,False
sexo_cidgrupo,ur_med,P05_vs_P50,381.0,414,1,1.0,1.0,1.272965879265092,1.3695652173913044,75580.0,0.1751466612079311,-0.09659933812621246,,,,,,I63_isquemico,,0.40464918279073736,1.0,False,False,False
sexo_cidgrupo,ur_med,P95_vs_P50,,414,1,,1.0,,1.3695652173913044,67752.0,0.6627339598783515,-0.035227867993714135,332.0,1.0,1.3343373493975903,,,I63_isquemico,,0.8172363554328137,1.0,False,False,False
sexo_cidgrupo,ur_med,P05_vs_P50,669.0,724,3,1.0,1.0,1.3946188340807175,1.4447513812154695,236492.5,0.34241236920559404,-0.050132547134752015,,,,,,I60-I62_hemorragico,,0.5984772713941253,1.0,False,False,False
sexo_cidgrupo,ur_med,P95_vs_P50,,724,3,,1.0,,1.4447513812154695,219243.0,0.6360194990394481,0.021806530693176507,613.0,1.0,1.466557911908646,,,I60-I62_hemorragico,,0.8247736729479295,1.0,False,False,False
sexo_cidgrupo,ur_med,P05_vs_P50,422.0,404,3,1.0,1.0,2.5165876777251186,2.3985148514851486,85461.0,0.9376354824425559,0.11807282623996995,,,,,,I65-I69_outros,,0.96648580497925,1.0,False,False,False
sexo_cidgrupo,ur_med,P95_vs_P50,,404,3,,1.0,,2.3985148514851486,82825.5,0.22637856017934865,0.24615519927627272,394.0,1.0,2.6446700507614214,,,I65-I69_outros,,0.46430704689846,1.0,False,False,False
sexo_cidgrupo,ur_med,P05_vs_P50,357.0,392,3,1.0,1.0,1.3585434173669468,1.336734693877551,71175.0,0.5982445100162151,0.021808723489395776,,,,,,I63_isquemico,,0.7808256267094755,1.0,False,False,False
sexo_cidgrupo,ur_med,P95_vs_P50,,392,3,,1.0,,1.336734693877551,56369.5,0.21046224649464673,-0.06340136054421763,300.0,1.0,1.2733333333333334,,,I63_isquemico,,0.4548700166174623,1.0,False,False,False
sexo_cidgrupo,ur_med,P05_vs_P50,40.0,34,2,1.0,1.0,1.075,1.0,731.0,0.10886130393585167,0.07499999999999996,,,,,,I63_isquemico,,0.34731939827152675,1.0,False,False,False
