macro_regiao,estacao,exposicao,outcome,contrast,n_extreme,n_ref,mw_U,mw_p,cliffs_delta,mean_diff,fdr_bh,bonferroni,sinal_bh_005,sinal_bh_010,sinal_bonf_005
Baia da Ilha Grande,verao,temp_med,internacoes_i60_i69,P95_vs_P50,195,39,3468.5,0.35025668225671247,-0.08783694937541091,-0.07179487179487176,0.788077535077603,1.0,False,False,False
Baia da Ilha Grande,verao,temp_med,internacoes_i60_i64,P95_vs_P50,195,39,3607.5,0.5834844077773489,-0.05128205128205128,-0.02051282051282055,0.906709583308686,1.0,False,False,False
Baia da Ilha Grande,verao,temp_med,obitos_i60_i69,P95_vs_P50,195,39,4105.5,0.320569104712492,0.0796844181459566,0.1333333333333333,0.8146226660929209,1.0,False,False,False
Baia da Ilha Grande,verao,temp_med,obitos_i60_i64,P95_vs_P50,195,39,3876.0,0.7699071526468428,0.01932938856015779,0.051282051282051266,1.0,1.0,False,False,False
Baia da Ilha Grande,verao,ur_med,internacoes_i60_i69,P05_vs_P50,91,75,3326.5,0.7520318696896898,-0.0252014652014652,-0.13523809523809527,1.0,1.0,False,False,False
Baia da Ilha Grande,verao,ur_med,internacoes_i60_i69,P95_vs_P50,54,75,2255.5,0.22567769747095556,0.11382716049382716,0.1081481481481481,0.7862319782859096,1.0,False,False,False
Baia da Ilha Grande,verao,ur_med,internacoes_i60_i64,P05_vs_P50,91,75,3223.0,0.4792458511033776,-0.055531135531135534,-0.17450549450549457,0.8416024702303216,1.0,False,False,False
Baia da Ilha Grande,verao,ur_med,internacoes_i60_i64,P95_vs_P50,54,75,2185.0,0.39648917635006,0.07901234567901234,0.06074074074074065,0.7646576972465443,1.0,False,False,False
Baia da Ilha Grande,verao,ur_med,obitos_i60_i69,P05_vs_P50,91,75,3627.5,0.36263240947663755,0.063003663003663,0.09597069597069596,0.7604718489995507,1.0,False,False,False
Baia da Ilha Grande,verao,ur_med,obitos_i60_i69,P95_vs_P50,54,75,1818.0,0.14450564245838837,-0.10222222222222223,-0.13703703703703704,0.5889286560568281,1.0,False,False,False
Baia da Ilha Grande,verao,ur_med,obitos_i60_i64,P05_vs_P50,91,75,3544.5,0.5115209744177741,0.03868131868131868,0.04644688644688644,0.8699884289310175,1.0,False,False,False
Baia da Ilha Grande,verao,ur_med,obitos_i60_i64,P95_vs_P50,54,75,1910.5,0.34091971121404296,-0.05654320987654321,-0.08074074074074075,0.800420191546014,1.0,False,False,False
Baia da Ilha Grande,inverno,temp_med,internacoes_i60_i69,P05_vs_P50,180,22,1929.0,0.8352461553993548,-0.025757575757575757,0.06414141414141417,1.0,1.0,False,False,False
Baia da Ilha Grande,inverno,temp_med,internacoes_i60_i64,P05_vs_P50,180,22,1883.0,0.6898800113320411,-0.04898989898989899,0.019696969696969657,0.9868482281306019,1.0,False,False,False
Baia da Ilha Grande,inverno,temp_med,obitos_i60_i69,P05_vs_P50,180,22,1960.5,0.9264081761343661,-0.009848484848484848,0.0318181818181818,1.0,1.0,False,False,False
Baia da Ilha Grande,inverno,temp_med,obitos_i60_i64,P05_vs_P50,180,22,2332.5,0.051559600528348036,0.17803030303030304,0.20454545454545453,0.3712291238041059,1.0,False,False,False
Baia da Ilha Grande,inverno,ur_med,internacoes_i60_i69,P05_vs_P50,50,86,1719.0,0.036199401508633045,-0.20046511627906977,-0.4032558139534884,0.3399595967767277,1.0,False,False,False
Baia da Ilha Grande,inverno,ur_med,internacoes_i60_i69,P95_vs_P50,60,86,2677.5,0.6829592909014632,0.0377906976744186,-0.023255813953488413,0.9967513975318651,1.0,False,False,False
Baia da Ilha Grande,inverno,ur_med,internacoes_i60_i64,P05_vs_P50,50,86,1708.5,0.031193215801403048,-0.20534883720930233,-0.3767441860465116,0.3062606642319572,1.0,False,False,False
Baia da Ilha Grande,inverno,ur_med,internacoes_i60_i64,P95_vs_P50,60,86,2673.5,0.6943753004902244,0.03624031007751938,-0.02674418604651163,0.9867438480650559,1.0,False,False,False
Baia da Ilha Grande,inverno,ur_med,obitos_i60_i69,P05_vs_P50,50,86,2182.0,0.8399973204139982,0.014883720930232559,-0.007441860465116246,1.0,1.0,False,False,False
Baia da Ilha Grande,inverno,ur_med,obitos_i60_i69,P95_vs_P50,60,86,2895.5,0.09895068029910493,0.12228682170542636,0.1158914728682171,0.485757885104697,1.0,False,False,False
Baia da Ilha Grande,inverno,ur_med,obitos_i60_i64,P05_vs_P50,50,86,2199.0,0.7027350848440834,0.022790697674418603,0.020465116279069773,0.9920965903681178,1.0,False,False,False
Baia da Ilha Grande,inverno,ur_med,obitos_i60_i64,P95_vs_P50,60,86,2752.0,0.26264452755708445,0.06666666666666667,0.07713178294573644,0.7990312387652146,1.0,False,False,False
Baixada Litoranea,verao,temp_med,internacoes_i60_i69,P95_vs_P50,163,36,3708.5,0.010785814992062763,0.26397409679618267,0.6864349011588275,0.1553157358857038,1.0,False,False,False
Baixada Litoranea,verao,temp_med,internacoes_i60_i64,P95_vs_P50,163,36,3654.0,0.017413489631761946,0.24539877300613497,0.6315610088616224,0.22125375061532826,1.0,False,False,False
Baixada Litoranea,verao,temp_med,obitos_i60_i69,P95_vs_P50,163,36,2666.0,0.36143195916318216,-0.09134287661895024,-0.1010565780504431,0.7653853252867386,1.0,False,False,False
Baixada Litoranea,verao,temp_med,obitos_i60_i64,P95_vs_P50,163,36,3097.5,0.550860178919638,0.05572597137014315,0.11383776414451263,0.8813762862714208,1.0,False,False,False
Baixada Litoranea,verao,ur_med,internacoes_i60_i69,P05_vs_P50,35,78,1649.0,0.07070983365448222,0.20805860805860807,0.5069597069597069,0.4127925424153557,1.0,False,False,False
Baixada Litoranea,verao,ur_med,internacoes_i60_i69,P95_vs_P50,74,78,2827.5,0.8251190151284299,-0.02027027027027027,-0.03049203049203042,1.0,1.0,False,False,False
Baixada Litoranea,verao,ur_med,internacoes_i60_i64,P05_vs_P50,35,78,1595.0,0.1425123224404669,0.1684981684981685,0.38681318681318677,0.6035816009243304,1.0,False,False,False
Baixada Litoranea,verao,ur_med,internacoes_i60_i64,P95_vs_P50,74,78,2814.5,0.7865010143054869,-0.024774774774774775,-0.04677754677754664,1.0,1.0,False,False,False
Baixada Litoranea,verao,ur_med,obitos_i60_i69,P05_vs_P50,35,78,1187.5,0.24661266881977228,-0.13003663003663005,-0.2582417582417583,0.8195128686933972,1.0,False,False,False
Baixada Litoranea,verao,ur_med,obitos_i60_i69,P95_vs_P50,74,78,2584.0,0.24062098495937012,-0.10464310464310464,-0.22349272349272353,0.8249862341464119,1.0,False,False,False
Baixada Litoranea,verao,ur_med,obitos_i60_i64,P05_vs_P50,35,78,1225.5,0.34280010028936847,-0.1021978021978022,-0.17216117216117222,0.7877108687500383,1.0,False,False,False
Baixada Litoranea,verao,ur_med,obitos_i60_i64,P95_vs_P50,74,78,2700.5,0.45360149030288677,-0.06427581427581427,-0.12196812196812201,0.8303213720798606,1.0,False,False,False
Baixada Litoranea,inverno,temp_med,internacoes_i60_i69,P05_vs_P50,167,40,3637.0,0.3703650564404968,0.08892215568862276,0.20029940119760492,0.7692197326071857,1.0,False,False,False
Baixada Litoranea,inverno,temp_med,internacoes_i60_i64,P05_vs_P50,167,40,3710.0,0.2638490934187272,0.11077844311377245,0.2534431137724551,0.7915472802561816,1.0,False,False,False
Baixada Litoranea,inverno,temp_med,obitos_i60_i69,P05_vs_P50,167,40,3210.0,0.6888648261571894,-0.038922155688622756,-0.19715568862275434,0.9919653496663526,1.0,False,False,False
Baixada Litoranea,inverno,temp_med,obitos_i60_i64,P05_vs_P50,167,40,3425.5,0.7827935283845331,0.02559880239520958,-0.02934131736526946,1.0,1.0,False,False,False
Baixada Litoranea,inverno,ur_med,internacoes_i60_i69,P05_vs_P50,93,75,3833.0,0.25723467304340786,0.09906810035842294,0.33462365591397836,0.8170983731967073,1.0,False,False,False
Baixada Litoranea,inverno,ur_med,internacoes_i60_i69,P95_vs_P50,25,75,737.0,0.09898152748072982,-0.21386666666666668,-0.45333333333333337,0.47511133190750315,1.0,False,False,False
Baixada Litoranea,inverno,ur_med,internacoes_i60_i64,P05_vs_P50,93,75,3920.0,0.15481364525595903,0.12401433691756272,0.3870967741935485,0.6079954068234027,1.0,False,False,False
Baixada Litoranea,inverno,ur_med,internacoes_i60_i64,P95_vs_P50,25,75,803.5,0.26889506917075146,-0.14293333333333333,-0.2933333333333332,0.7744177992117642,1.0,False,False,False
Baixada Litoranea,inverno,ur_med,obitos_i60_i69,P05_vs_P50,93,75,3637.5,0.6106637133938717,0.043010752688172046,0.06881720430107519,0.9288969161484245,1.0,False,False,False
Baixada Litoranea,inverno,ur_med,obitos_i60_i69,P95_vs_P50,25,75,1070.0,0.2625955699395218,0.14133333333333334,0.41333333333333333,0.8102949015276674,1.0,False,False,False
Baixada Litoranea,inverno,ur_med,obitos_i60_i64,P05_vs_P50,93,75,3769.5,0.30921165724884514,0.08086021505376344,0.0929032258064516,0.795115690068459,1.0,False,False,False
Baixada Litoranea,inverno,ur_med,obitos_i60_i64,P95_vs_P50,25,75,1050.5,0.3040289509814267,0.12053333333333334,0.28,0.8107438692838046,1.0,False,False,False
Centro-Sul,verao,temp_med,internacoes_i60_i69,P95_vs_P50,170,13,1248.0,0.4231619210001526,0.12941176470588237,0.40316742081447976,0.8017804818950259,1.0,False,False,False
Centro-Sul,verao,temp_med,internacoes_i60_i64,P95_vs_P50,170,13,1273.0,0.3454535172071844,0.1520361990950226,0.4334841628959276,0.7854522075447562,1.0,False,False,False
Centro-Sul,verao,temp_med,obitos_i60_i69,P95_vs_P50,170,13,1064.0,0.8045222350300145,-0.037104072398190045,-0.2045248868778281,1.0,1.0,False,False,False
Centro-Sul,verao,temp_med,obitos_i60_i64,P95_vs_P50,170,13,1005.0,0.5036322879996424,-0.09049773755656108,-0.17963800904977373,0.8772949532896996,1.0,False,False,False
Centro-Sul,verao,ur_med,internacoes_i60_i69,P05_vs_P50,31,60,893.5,0.7553366088609446,-0.03924731182795699,-0.1693548387096775,1.0,1.0,False,False,False
Centro-Sul,verao,ur_med,internacoes_i60_i69,P95_vs_P50,50,60,1632.5,0.4143192026249517,0.08833333333333333,0.4700000000000002,0.7919729890884033,1.0,False,False,False
Centro-Sul,verao,ur_med,internacoes_i60_i64,P05_vs_P50,31,60,922.5,0.9514207174732279,-0.008064516129032258,-0.04946236559139794,1.0,1.0,False,False,False
Centro-Sul,verao,ur_med,internacoes_i60_i64,P95_vs_P50,50,60,1648.0,0.35757946267099416,0.09866666666666667,0.20666666666666655,0.7647243954151954,1.0,False,False,False
Centro-Sul,verao,ur_med,obitos_i60_i69,P05_vs_P50,31,60,944.5,0.8921532957608073,0.015591397849462365,0.14516129032258063,1.0,1.0,False,False,False
Centro-Sul,verao,ur_med,obitos_i60_i69,P95_vs_P50,50,60,1663.5,0.2702740584790776,0.109,0.16000000000000003,0.768147324098431,1.0,False,False,False
Centro-Sul,verao,ur_med,obitos_i60_i64,P05_vs_P50,31,60,922.5,0.9374856565333913,-0.008064516129032258,0.15161290322580645,1.0,1.0,False,False,False
Centro-Sul,verao,ur_med,obitos_i60_i64,P95_vs_P50,50,60,1738.5,0.08161494125411761,0.159,0.16000000000000003,0.4299713978265709,1.0,False,False,False
Centro-Sul,inverno,temp_med,internacoes_i60_i69,P05_vs_P50,119,107,4835.5,0.001385121237810501,-0.24047749941097935,-0.6126600172779393,0.02991861873670682,0.2991861873670682,True,True,False
Centro-Sul,inverno,temp_med,internacoes_i60_i64,P05_vs_P50,119,107,4946.0,0.0029671966473715544,-0.2231210241105788,-0.6265609047357261,0.04930111352555814,0.6409144758322558,True,True,False
Centro-Sul,inverno,temp_med,obitos_i60_i69,P05_vs_P50,119,107,6864.0,0.2664178143907824,0.07814340689546846,0.04979187936856988,0.7883047658686163,1.0,False,False,False
Centro-Sul,inverno,temp_med,obitos_i60_i64,P05_vs_P50,119,107,6738.0,0.3723400319876554,0.05835231288777193,0.06031571507107519,0.7659566372317483,1.0,False,False,False
Centro-Sul,inverno,ur_med,internacoes_i60_i69,P05_vs_P50,54,84,1876.0,0.07817474445321612,-0.1728395061728395,-0.45899470899470907,0.44436170531301794,1.0,False,False,False
Centro-Sul,inverno,ur_med,internacoes_i60_i69,P95_vs_P50,51,84,1676.5,0.030420404395759156,-0.2173202614379085,-0.3620448179271709,0.31289558807066564,1.0,False,False,False
Centro-Sul,inverno,ur_med,internacoes_i60_i64,P05_vs_P50,54,84,1903.0,0.10016939142920207,-0.1609347442680776,-0.40740740740740744,0.47036062062407924,1.0,False,False,False
Centro-Sul,inverno,ur_med,internacoes_i60_i64,P95_vs_P50,51,84,1443.0,0.001107978974553007,-0.32633053221288516,-0.7450980392156863,0.02659149538927217,0.23932345850344952,True,True,False
Centro-Sul,inverno,ur_med,obitos_i60_i69,P05_vs_P50,54,84,2315.0,0.8233931406567635,0.02072310405643739,0.04894179894179895,1.0,1.0,False,False,False
Centro-Sul,inverno,ur_med,obitos_i60_i69,P95_vs_P50,51,84,2197.0,0.7850127020279347,0.025676937441643323,0.031512605042016806,1.0,1.0,False,False,False
Centro-Sul,inverno,ur_med,obitos_i60_i64,P05_vs_P50,54,84,2270.0,0.9937091780812259,0.0008818342151675485,0.014550264550264536,1.0,1.0,False,False,False
Centro-Sul,inverno,ur_med,obitos_i60_i64,P95_vs_P50,51,84,2200.0,0.7551256677674957,0.02707749766573296,0.018907563025210072,1.0,1.0,False,False,False
Medio Paraiba,verao,temp_med,internacoes_i60_i69,P95_vs_P50,185,41,3261.0,0.15731430531350088,-0.14014502307185234,-0.5273566249176005,0.6067837490663605,1.0,False,False,False
Medio Paraiba,verao,temp_med,internacoes_i60_i64,P95_vs_P50,185,41,3161.5,0.09184709474281227,-0.16638101516150297,-0.5392221489782467,0.47235648724874885,1.0,False,False,False
Medio Paraiba,verao,temp_med,obitos_i60_i69,P95_vs_P50,185,41,3792.0,1.0,-0.00013183915622940013,-0.052999340804218864,1.0,1.0,False,False,False
Medio Paraiba,verao,temp_med,obitos_i60_i64,P95_vs_P50,185,41,3708.5,0.8137815976661495,-0.022148978246539223,-0.10810810810810811,1.0,1.0,False,False,False
Medio Paraiba,verao,ur_med,internacoes_i60_i69,P05_vs_P50,56,77,2146.0,0.9651842870115388,-0.00463821892393321,-0.1493506493506489,1.0,1.0,False,False,False
Medio Paraiba,verao,ur_med,internacoes_i60_i69,P95_vs_P50,84,77,3254.0,0.9468605390187785,0.006184291898577613,0.18398268398268414,1.0,1.0,False,False,False
Medio Paraiba,verao,ur_med,internacoes_i60_i64,P05_vs_P50,56,77,2062.5,0.6682514115461713,-0.04336734693877551,-0.27272727272727293,0.9954641716825724,1.0,False,False,False
Medio Paraiba,verao,ur_med,internacoes_i60_i64,P95_vs_P50,84,77,3292.0,0.843995885097763,0.017934446505875078,-0.02272727272727293,0.9961918643776875,1.0,False,False,False
Medio Paraiba,verao,ur_med,obitos_i60_i69,P05_vs_P50,56,77,2203.0,0.8263893334531774,0.021799628942486084,-0.011363636363636243,1.0,1.0,False,False,False
Medio Paraiba,verao,ur_med,obitos_i60_i69,P95_vs_P50,84,77,3447.0,0.45629744692562113,0.06586270871985157,0.12554112554112562,0.828237382654909,1.0,False,False,False
Medio Paraiba,verao,ur_med,obitos_i60_i64,P05_vs_P50,56,77,2048.5,0.6012715840151874,-0.049860853432282005,-0.0357142857142857,0.9210968946615636,1.0,False,False,False
Medio Paraiba,verao,ur_med,obitos_i60_i64,P95_vs_P50,84,77,3121.0,0.6835257368453593,-0.03494124922696351,0.011904761904761973,0.9908829473731383,1.0,False,False,False
Medio Paraiba,inverno,temp_med,internacoes_i60_i69,P05_vs_P50,184,33,3670.5,0.05431154080245656,0.20899209486166007,0.9174901185770752,0.3666029004165818,1.0,False,False,False
Medio Paraiba,inverno,temp_med,internacoes_i60_i64,P05_vs_P50,184,33,3676.5,0.0513886930279991,0.21096837944664032,0.7048748353096181,0.38275716186371744,1.0,False,False,False
Medio Paraiba,inverno,temp_med,obitos_i60_i69,P05_vs_P50,184,33,2991.0,0.890152939399228,-0.014822134387351778,-0.11627140974967065,1.0,1.0,False,False,False
Medio Paraiba,inverno,temp_med,obitos_i60_i64,P05_vs_P50,184,33,2954.0,0.7941911606856988,-0.027009222661396576,-0.10490777338603419,1.0,1.0,False,False,False
Medio Paraiba,inverno,ur_med,internacoes_i60_i69,P05_vs_P50,41,83,2072.5,0.046696761282903475,0.21804290332059947,4.230384954451953,0.3879423245041212,1.0,False,False,False
Medio Paraiba,inverno,ur_med,internacoes_i60_i69,P95_vs_P50,46,83,1680.5,0.25687203878757225,-0.11969617600838135,-0.15243583027763208,0.8281247817629196,1.0,False,False,False
Medio Paraiba,inverno,ur_med,internacoes_i60_i64,P05_vs_P50,41,83,2029.0,0.07858918975630684,0.19247722597707906,0.8098736409050837,0.4352632048041609,1.0,False,False,False
Medio Paraiba,inverno,ur_med,internacoes_i60_i64,P95_vs_P50,46,83,1522.0,0.053833002711218964,-0.20272393923520168,-0.6922472498690415,0.3750944705039773,1.0,False,False,False
Medio Paraiba,inverno,ur_med,obitos_i60_i69,P05_vs_P50,41,83,1765.5,0.7277331142768464,0.037613870114604764,0.14252130473111957,1.0,1.0,False,False,False
Medio Paraiba,inverno,ur_med,obitos_i60_i69,P95_vs_P50,46,83,1917.5,0.9676958868651949,0.004452592980618125,0.030644316396018834,1.0,1.0,False,False,False
Medio Paraiba,inverno,ur_med,obitos_i60_i64,P05_vs_P50,41,83,1646.5,0.760263734461373,-0.03232441962973846,0.013223626212165884,1.0,1.0,False,False,False
Medio Paraiba,inverno,ur_med,obitos_i60_i64,P95_vs_P50,46,83,1925.5,0.9333345422841927,0.008643268727082242,0.06783656364588797,1.0,1.0,False,False,False
Metropolitana I,verao,temp_med,internacoes_i60_i69,P95_vs_P50,202,47,4025.0,0.10436920371972207,-0.15209606066989678,-2.656309247946073,0.47965421283957377,1.0,False,False,False
Metropolitana I,verao,temp_med,internacoes_i60_i64,P95_vs_P50,202,47,3843.5,0.04201281555454595,-0.19033073520117968,-2.9755635137981855,0.37811533999091357,1.0,False,False,False
Metropolitana I,verao,temp_med,obitos_i60_i69,P95_vs_P50,202,47,5585.0,0.059126297110605124,0.17653254687170844,0.8949863071413517,0.3870084901785063,1.0,False,False,False
Metropolitana I,verao,temp_med,obitos_i60_i64,P95_vs_P50,202,47,5012.5,0.5499213814006441,0.055930061091215504,0.19549188961449282,0.8864404356905904,1.0,False,False,False
Metropolitana I,verao,ur_med,internacoes_i60_i69,P05_vs_P50,78,65,2079.5,0.06475127898811049,-0.17968441814595662,-2.005128205128205,0.3996078931837676,1.0,False,False,False
Metropolitana I,verao,ur_med,internacoes_i60_i69,P95_vs_P50,52,65,1648.5,0.8217226593605866,-0.024556213017751478,-0.9153846153846139,1.0,1.0,False,False,False
Metropolitana I,verao,ur_med,internacoes_i60_i64,P05_vs_P50,78,65,2039.0,0.04422568281746994,-0.19566074950690335,-2.389743589743592,0.3821098995429403,1.0,False,False,False
Metropolitana I,verao,ur_med,internacoes_i60_i64,P95_vs_P50,52,65,1624.5,0.7208630715265767,-0.03875739644970414,-0.953846153846154,1.0,1.0,False,False,False
Metropolitana I,verao,ur_med,obitos_i60_i69,P05_vs_P50,78,65,3081.0,0.02661333572730944,0.2153846153846154,1.8820512820512825,0.3025516061630968,1.0,False,False,False
Metropolitana I,verao,ur_med,obitos_i60_i69,P95_vs_P50,52,65,1531.5,0.3845076031565451,-0.09378698224852071,-0.5346153846153854,0.7690152063130902,1.0,False,False,False
Metropolitana I,verao,ur_med,obitos_i60_i64,P05_vs_P50,78,65,3074.0,0.028409224854374648,0.2126232741617357,1.1820512820512832,0.3068196284272462,1.0,False,False,False
Metropolitana I,verao,ur_med,obitos_i60_i64,P95_vs_P50,52,65,1580.5,0.5479085890827015,-0.06479289940828402,-0.38846153846153797,0.8898365055779212,1.0,False,False,False
Metropolitana I,inverno,temp_med,internacoes_i60_i69,P05_vs_P50,186,40,4818.5,0.0033941114911022253,0.2952956989247312,4.447311827956987,0.052366291577005765,0.7331280820780807,False,True,False
Metropolitana I,inverno,temp_med,internacoes_i60_i64,P05_vs_P50,186,40,4982.5,0.000757924249297815,0.3393817204301075,4.2198924731182785,0.023387376835475433,0.16371163784832804,True,True,False
Metropolitana I,inverno,temp_med,obitos_i60_i69,P05_vs_P50,186,40,4201.0,0.19934491663914333,0.1293010752688172,1.1510752688172037,0.7058770818697534,1.0,False,False,False
Metropolitana I,inverno,temp_med,obitos_i60_i64,P05_vs_P50,186,40,4069.0,0.3510113591986489,0.09381720430107526,0.7145161290322584,0.7816335421330738,1.0,False,False,False
Metropolitana I,inverno,ur_med,internacoes_i60_i69,P05_vs_P50,71,86,3019.0,0.9058317091018488,-0.011136586963642319,-0.10055682934818222,1.0,1.0,False,False,False
Metropolitana I,inverno,ur_med,internacoes_i60_i69,P95_vs_P50,53,86,1945.5,0.14827912392376008,-0.1463361123299693,-0.24352786309785301,0.5931164956950403,1.0,False,False,False
Metropolitana I,inverno,ur_med,internacoes_i60_i64,P05_vs_P50,71,86,3061.0,0.9788675485925964,0.0026203734032099572,-0.40320995741893384,1.0,1.0,False,False,False
Metropolitana I,inverno,ur_med,internacoes_i60_i64,P95_vs_P50,53,86,1827.5,0.050186957883964864,-0.19811320754716982,-2.7090829311101388,0.38715653224772895,1.0,False,False,False
Metropolitana I,inverno,ur_med,obitos_i60_i69,P05_vs_P50,71,86,3239.5,0.5109018413750204,0.06108745496233213,0.5271863740583029,0.8758317280714635,1.0,False,False,False
Metropolitana I,inverno,ur_med,obitos_i60_i69,P95_vs_P50,53,86,2066.5,0.35694782204954545,-0.09324265028521281,-1.0462922334357163,0.7710072956270182,1.0,False,False,False
Metropolitana I,inverno,ur_med,obitos_i60_i64,P05_vs_P50,71,86,3322.0,0.3418548413607767,0.08811005568293481,0.3956763838847035,0.7939854379992234,1.0,False,False,False
Metropolitana I,inverno,ur_med,obitos_i60_i64,P95_vs_P50,53,86,2268.0,0.9635620683552943,-0.004826678367705134,-0.1772707327775347,1.0,1.0,False,False,False
Metropolitana II,verao,temp_med,internacoes_i60_i69,P95_vs_P50,166,73,8981.5,2.446335401050518e-09,0.48234032018484896,2.5194751609176436,1.761361488756373e-07,5.284084466269119e-07,True,True,True
Metropolitana II,verao,temp_med,internacoes_i60_i64,P95_vs_P50,166,73,8919.0,5.272181262805763e-09,0.4720250866479617,2.4746657864334054,2.846977881915112e-07,1.1387911527660448e-06,True,True,True
Metropolitana II,verao,temp_med,obitos_i60_i69,P95_vs_P50,166,73,4556.0,0.0019478793877055027,-0.24806073609506518,-0.7806568740716293,0.03506182897869905,0.42074194774438856,True,True,False
Metropolitana II,verao,temp_med,obitos_i60_i64,P95_vs_P50,166,73,5356.5,0.1417961690192907,-0.11594322495461297,-0.2941079386037302,0.6125594501633358,1.0,False,False,False
Metropolitana II,verao,ur_med,internacoes_i60_i69,P05_vs_P50,71,87,3206.5,0.679576150288009,0.038206248988181965,-0.11996114618746923,1.0,1.0,False,False,False
Metropolitana II,verao,ur_med,internacoes_i60_i69,P95_vs_P50,50,87,1483.0,0.0018573200432442374,-0.3181609195402299,-1.9351724137931035,0.03647101175825048,0.4011811293407553,True,True,False
Metropolitana II,verao,ur_med,internacoes_i60_i64,P05_vs_P50,71,87,3147.0,0.8384806290487817,0.01894123360854784,-0.22033349522421908,1.0,1.0,False,False,False
Metropolitana II,verao,ur_med,internacoes_i60_i64,P95_vs_P50,50,87,1445.5,0.0010312993465994178,-0.3354022988505747,-2.039770114942529,0.02784508235818428,0.22276065886547425,True,True,False
Metropolitana II,verao,ur_med,obitos_i60_i69,P05_vs_P50,71,87,2457.5,0.025065527216851072,-0.20430629755544763,-0.6883600453294476,0.3007863266022129,1.0,False,False,False
Metropolitana II,verao,ur_med,obitos_i60_i69,P95_vs_P50,50,87,2031.0,0.5123112698377499,-0.06620689655172414,-0.2954022988505747,0.864525267851203,1.0,False,False,False
Metropolitana II,verao,ur_med,obitos_i60_i64,P05_vs_P50,71,87,2568.5,0.059239456962335624,-0.16836652096486968,-0.29982192002590247,0.37634478540777927,1.0,False,False,False
Metropolitana II,verao,ur_med,obitos_i60_i64,P95_vs_P50,50,87,1973.0,0.35230125775215426,-0.0928735632183908,-0.17954022988505747,0.768657289641064,1.0,False,False,False
Metropolitana II,inverno,temp_med,internacoes_i60_i69,P05_vs_P50,125,97,2561.0,1.1969774875290996e-13,-0.5775670103092784,-2.5717113402061855,1.2927356865314277e-11,2.5854713730628553e-11,True,True,True
Metropolitana II,inverno,temp_med,internacoes_i60_i64,P05_vs_P50,125,97,2531.0,7.117986121448032e-14,-0.5825154639175257,-3.0841237113402062,1.537485002232775e-11,1.537485002232775e-11,True,True,True
Metropolitana II,inverno,temp_med,obitos_i60_i69,P05_vs_P50,125,97,6676.0,0.1901434131933165,0.1011958762886598,0.31397938144329895,0.6845162874959395,1.0,False,False,False
Metropolitana II,inverno,temp_med,obitos_i60_i64,P05_vs_P50,125,97,6717.0,0.15853345427685483,0.10795876288659793,0.2743092783505152,0.5904004504103559,1.0,False,False,False
Metropolitana II,inverno,ur_med,internacoes_i60_i69,P05_vs_P50,41,94,2091.5,0.4303187760081141,0.08536585365853659,0.4626362221069016,0.8082509184152403,1.0,False,False,False
Metropolitana II,inverno,ur_med,internacoes_i60_i69,P95_vs_P50,49,94,1317.0,2.483747096563814e-05,-0.42813721233174123,-2.4895788102475036,0.0010729787457155677,0.005364893728577839,True,True,True
Metropolitana II,inverno,ur_med,internacoes_i60_i64,P05_vs_P50,41,94,2044.0,0.5752212537867911,0.06071613907628438,0.2944992215879605,0.9135866971907859,1.0,False,False,False
Metropolitana II,inverno,ur_med,internacoes_i60_i64,P95_vs_P50,49,94,1326.5,2.981288018300453e-05,-0.42401215805471126,-2.4018671298306558,0.0010732636865881631,0.006439582119528979,True,True,True
Metropolitana II,inverno,ur_med,obitos_i60_i69,P05_vs_P50,41,94,1928.5,0.9961142778420309,0.0007784120394395433,-0.06253243383497686,1.0,1.0,False,False,False
Metropolitana II,inverno,ur_med,obitos_i60_i69,P95_vs_P50,49,94,2432.5,0.5774067384011218,0.05623100303951368,0.21471993052540128,0.9103639087200168,1.0,False,False,False
Metropolitana II,inverno,ur_med,obitos_i60_i64,P05_vs_P50,41,94,1967.0,0.8467894111638146,0.02075765438505449,0.013233004670472281,0.994057134844478,1.0,False,False,False
Metropolitana II,inverno,ur_med,obitos_i60_i64,P95_vs_P50,49,94,2444.0,0.5406226421587643,0.061224489795918366,0.24120712114633092,0.8914083260022374,1.0,False,False,False
Noroeste,verao,temp_med,internacoes_i60_i69,P95_vs_P50,186,33,3280.5,0.5171405152818016,0.0689149560117302,0.25024437927663734,0.8592488561605318,1.0,False,False,False
Noroeste,verao,temp_med,internacoes_i60_i64,P95_vs_P50,186,33,3351.5,0.38344941349808326,0.0920495275333985,0.13440860215053774,0.77406610575314,1.0,False,False,False
Noroeste,verao,temp_med,obitos_i60_i69,P95_vs_P50,186,33,3232.0,0.5819545593064801,0.05311176278918214,0.07086999022482898,0.9108853971753601,1.0,False,False,False
Noroeste,verao,temp_med,obitos_i60_i64,P95_vs_P50,186,33,3156.5,0.7387351934428616,0.028510915607689803,-0.010752688172043001,1.0,1.0,False,False,False
Noroeste,verao,ur_med,internacoes_i60_i69,P05_vs_P50,70,63,2249.0,0.8404926192894522,0.019954648526077097,0.03174603174603163,1.0,1.0,False,False,False
Noroeste,verao,ur_med,internacoes_i60_i69,P95_vs_P50,59,63,1665.5,0.308988830883978,-0.1038471885929513,0.7750874361043854,0.8041155116980633,1.0,False,False,False
Noroeste,verao,ur_med,internacoes_i60_i64,P05_vs_P50,70,63,2198.5,0.9777547349513623,-0.0029478458049886623,-0.05714285714285716,1.0,1.0,False,False,False
Noroeste,verao,ur_med,internacoes_i60_i64,P95_vs_P50,59,63,1529.0,0.07991601930142204,-0.17729351627656711,-0.4019370460048426,0.43154650422767904,1.0,False,False,False
Noroeste,verao,ur_med,obitos_i60_i69,P05_vs_P50,70,63,2429.5,0.25662827276218303,0.1018140589569161,0.1333333333333333,0.8398743472216899,1.0,False,False,False
Noroeste,verao,ur_med,obitos_i60_i69,P95_vs_P50,59,63,2007.5,0.38871031419536994,0.08017218186709713,0.10330912025827277,0.7702883290477056,1.0,False,False,False
Noroeste,verao,ur_med,obitos_i60_i64,P05_vs_P50,70,63,2343.5,0.44128196069729864,0.06281179138321996,0.05238095238095242,0.8216974440570388,1.0,False,False,False
Noroeste,verao,ur_med,obitos_i60_i64,P95_vs_P50,59,63,1837.5,0.8921161119694352,-0.011299435028248588,-0.04519774011299432,1.0,1.0,False,False,False
Noroeste,inverno,temp_med,internacoes_i60_i69,P05_vs_P50,176,28,2667.0,0.46779280096768827,0.08238636363636363,0.2857142857142858,0.8350681405704187,1.0,False,False,False
Noroeste,inverno,temp_med,internacoes_i60_i64,P05_vs_P50,176,28,2868.0,0.1431412130646471,0.16396103896103897,0.3693181818181819,0.5945865773454572,1.0,False,False,False
Noroeste,inverno,temp_med,obitos_i60_i69,P05_vs_P50,176,28,2714.5,0.3306561358206821,0.10166396103896104,0.13068181818181823,0.8116105151962197,1.0,False,False,False
Noroeste,inverno,temp_med,obitos_i60_i64,P05_vs_P50,176,28,2712.5,0.2677357148147268,0.10085227272727272,0.11363636363636365,0.7814988432429864,1.0,False,False,False
Noroeste,inverno,ur_med,internacoes_i60_i69,P05_vs_P50,33,88,1258.5,0.2463576581847552,-0.13326446280991736,-0.9507575757575757,0.8314570963735488,1.0,False,False,False
Noroeste,inverno,ur_med,internacoes_i60_i69,P95_vs_P50,37,88,1807.5,0.3216351433610486,0.11025798525798526,-0.44871007371007376,0.8078278019300754,1.0,False,False,False
Noroeste,inverno,ur_med,internacoes_i60_i64,P05_vs_P50,33,88,1288.0,0.3241931954983155,-0.11294765840220386,-0.10227272727272729,0.8048934508923695,1.0,False,False,False
Noroeste,inverno,ur_med,internacoes_i60_i64,P95_vs_P50,37,88,1764.5,0.4489313432654134,0.08384520884520885,0.25399262899262887,0.8287963260284554,1.0,False,False,False
Noroeste,inverno,ur_med,obitos_i60_i69,P05_vs_P50,33,88,1430.5,0.8914206924835305,-0.014807162534435262,0.011363636363636354,1.0,1.0,False,False,False
Noroeste,inverno,ur_med,obitos_i60_i69,P95_vs_P50,37,88,1631.0,0.988093181059224,0.0018427518427518428,0.10472972972972971,1.0,1.0,False,False,False
Noroeste,inverno,ur_med,obitos_i60_i64,P05_vs_P50,33,88,1520.0,0.6389668293241546,0.046831955922865015,0.06818181818181818,0.9584502439862318,1.0,False,False,False
Noroeste,inverno,ur_med,obitos_i60_i64,P95_vs_P50,37,88,1765.0,0.38156132413861266,0.08415233415233415,0.15417690417690422,0.7775211888107578,1.0,False,False,False
Norte,verao,temp_med,internacoes_i60_i69,P95_vs_P50,168,35,2941.0,0.9987174809682439,0.0003401360544217687,-0.07619047619047636,1.0,1.0,False,False,False
Norte,verao,temp_med,internacoes_i60_i64,P95_vs_P50,168,35,2943.5,0.9923000793685037,0.0011904761904761906,-0.08452380952380967,1.0,1.0,False,False,False
Norte,verao,temp_med,obitos_i60_i69,P95_vs_P50,168,35,3231.0,0.33955355721982694,0.09897959183673469,0.3119047619047619,0.8149285373275846,1.0,False,False,False
Norte,verao,temp_med,obitos_i60_i64,P95_vs_P50,168,35,2914.5,0.9312845684481279,-0.008673469387755102,0.05833333333333335,1.0,1.0,False,False,False
Norte,verao,ur_med,internacoes_i60_i69,P05_vs_P50,73,63,2276.0,0.918463672534763,-0.010219612959338986,0.06914546640574049,1.0,1.0,False,False,False
Norte,verao,ur_med,internacoes_i60_i69,P95_vs_P50,66,63,2279.0,0.33508780151954765,0.0962000962000962,0.40476190476190466,0.8132467991935088,1.0,False,False,False
Norte,verao,ur_med,internacoes_i60_i64,P05_vs_P50,73,63,2246.0,0.8129978897138311,-0.023265927375516415,0.04979343335507713,1.0,1.0,False,False,False
Norte,verao,ur_med,internacoes_i60_i64,P95_vs_P50,66,63,2272.0,0.3510772842724549,0.09283309283309284,0.39682539682539697,0.7738029939066352,1.0,False,False,False
Norte,verao,ur_med,obitos_i60_i69,P05_vs_P50,73,63,2137.5,0.46442811844080534,-0.07045009784735812,-0.09762991954772793,0.8359706131934496,1.0,False,False,False
Norte,verao,ur_med,obitos_i60_i69,P95_vs_P50,66,63,2113.5,0.8672895931820993,0.016594516594516596,0.05699855699855694,1.0,1.0,False,False,False
Norte,verao,ur_med,obitos_i60_i64,P05_vs_P50,73,63,2079.0,0.29348212507083293,-0.0958904109589041,-0.10437051532941943,0.7924017376912489,1.0,False,False,False
Norte,verao,ur_med,obitos_i60_i64,P95_vs_P50,66,63,2186.5,0.585622591622007,0.05170755170755171,0.1471861471861472,0.9035319985025252,1.0,False,False,False
Norte,inverno,temp_med,internacoes_i60_i69,P05_vs_P50,173,39,3499.5,0.7132457246755557,0.037349933303690526,0.06610345338669044,1.0,1.0,False,False,False
Norte,inverno,temp_med,internacoes_i60_i64,P05_vs_P50,173,39,3391.0,0.9602609113464106,0.005187490736623684,0.009337483325922324,1.0,1.0,False,False,False
Norte,inverno,temp_med,obitos_i60_i69,P05_vs_P50,173,39,3689.0,0.33964730919960284,0.09352304728027272,0.19297465540240122,0.8061958108474089,1.0,False,False,False
Norte,inverno,temp_med,obitos_i60_i64,P05_vs_P50,173,39,3362.5,0.9737481462610531,-0.0032607084630206016,-0.02030532088335557,1.0,1.0,False,False,False
Norte,inverno,ur_med,internacoes_i60_i69,P05_vs_P50,51,75,1696.5,0.2778473709542064,-0.11294117647058824,-0.3647058823529412,0.7596839509633998,1.0,False,False,False
Norte,inverno,ur_med,internacoes_i60_i69,P95_vs_P50,40,75,1251.5,0.14052612759710012,-0.16566666666666666,-0.6666666666666665,0.6194621134892577,1.0,False,False,False
Norte,inverno,ur_med,internacoes_i60_i64,P05_vs_P50,51,75,1743.5,0.3961061195896447,-0.08836601307189543,-0.23529411764705888,0.770801097579849,1.0,False,False,False
Norte,inverno,ur_med,internacoes_i60_i64,P95_vs_P50,40,75,1262.0,0.1577870278833925,-0.15866666666666668,-0.5499999999999998,0.5979297898739083,1.0,False,False,False
Norte,inverno,ur_med,obitos_i60_i69,P05_vs_P50,51,75,1865.5,0.8115175149354751,-0.024575163398692812,-0.05019607843137264,1.0,1.0,False,False,False
Norte,inverno,ur_med,obitos_i60_i69,P95_vs_P50,40,75,1488.0,0.9441527754307165,-0.008,0.040000000000000036,1.0,1.0,False,False,False
Norte,inverno,ur_med,obitos_i60_i64,P05_vs_P50,51,75,1705.5,0.2758187117961479,-0.10823529411764705,-0.14980392156862754,0.7638056634354865,1.0,False,False,False
Norte,inverno,ur_med,obitos_i60_i64,P95_vs_P50,40,75,1445.0,0.7334798474734507,-0.03666666666666667,-0.04833333333333334,1.0,1.0,False,False,False
Serrana,verao,temp_med,internacoes_i60_i69,P95_vs_P50,162,45,3877.5,0.5100355428496004,0.06378600823045268,0.10740740740740762,0.8813414180441095,1.0,False,False,False
Serrana,verao,temp_med,internacoes_i60_i64,P95_vs_P50,162,45,4005.5,0.30467454019924434,0.09890260631001371,0.2753086419753088,0.8025573254028876,1.0,False,False,False
Serrana,verao,temp_med,obitos_i60_i69,P95_vs_P50,162,45,3021.5,0.07053200855229742,-0.1710562414266118,-0.4419753086419753,0.4231920513137845,1.0,False,False,False
Serrana,verao,temp_med,obitos_i60_i64,P95_vs_P50,162,45,2982.0,0.04671152238874659,-0.18189300411522633,-0.36296296296296304,0.3736921791099727,1.0,False,False,False
Serrana,verao,ur_med,internacoes_i60_i69,P05_vs_P50,31,90,1538.0,0.3939081057412228,0.1025089605734767,1.0501792114695343,0.773492280364583,1.0,False,False,False
Serrana,verao,ur_med,internacoes_i60_i69,P95_vs_P50,44,90,1893.5,0.6812031238466447,-0.043686868686868684,3.9116161616161627,1.0,1.0,False,False,False
Serrana,verao,ur_med,internacoes_i60_i64,P05_vs_P50,31,90,1341.0,0.7469153689572192,-0.03870967741935484,-0.12150537634408609,1.0,1.0,False,False,False
Serrana,verao,ur_med,internacoes_i60_i64,P95_vs_P50,44,90,1853.0,0.5427779053260202,-0.06414141414141414,-0.24393939393939368,0.888182026897124,1.0,False,False,False
Serrana,verao,ur_med,obitos_i60_i69,P05_vs_P50,31,90,1001.0,0.016087898251779312,-0.2824372759856631,-0.5974910394265234,0.21718662639902073,1.0,False,False,False
Serrana,verao,ur_med,obitos_i60_i69,P95_vs_P50,44,90,1845.5,0.512972613569844,-0.06792929292929292,-0.15101010101010104,0.8589308878378784,1.0,False,False,False
Serrana,verao,ur_med,obitos_i60_i64,P05_vs_P50,31,90,1383.5,0.9444043769246054,-0.008243727598566309,0.07347670250896066,1.0,1.0,False,False,False
Serrana,verao,ur_med,obitos_i60_i64,P95_vs_P50,44,90,2047.5,0.7343525930135879,0.03409090909090909,0.058080808080807955,1.0,1.0,False,False,False
Serrana,inverno,temp_med,internacoes_i60_i69,P05_vs_P50,153,45,3391.5,0.8797931901123476,-0.014814814814814815,-0.23267973856209156,1.0,1.0,False,False,False
Serrana,inverno,temp_med,internacoes_i60_i64,P05_vs_P50,153,45,3273.0,0.6114368531610135,-0.04923747276688453,-0.15294117647058814,0.923568953026426,1.0,False,False,False
Serrana,inverno,temp_med,obitos_i60_i69,P05_vs_P50,153,45,3884.5,0.1819952084042572,0.12839506172839507,0.392156862745098,0.6662875426325348,1.0,False,False,False
Serrana,inverno,temp_med,obitos_i60_i64,P05_vs_P50,153,45,3981.0,0.09707208554254018,0.15642701525054467,0.26797385620915026,0.48761791807415533,1.0,False,False,False
Serrana,inverno,ur_med,internacoes_i60_i69,P05_vs_P50,79,73,3180.5,0.270487048531168,0.10299982659961852,0.417027917461418,0.7587688634121077,1.0,False,False,False
Serrana,inverno,ur_med,internacoes_i60_i69,P95_vs_P50,55,73,1996.5,0.9593899064358392,-0.005479452054794521,0.7302615193026147,1.0,1.0,False,False,False
Serrana,inverno,ur_med,internacoes_i60_i64,P05_vs_P50,79,73,3290.5,0.12831894174012023,0.14114791052540315,0.43783596323911933,0.5774352378305411,1.0,False,False,False
Serrana,inverno,ur_med,internacoes_i60_i64,P95_vs_P50,55,73,1862.0,0.47873226514972,-0.07247820672478207,-0.30485678704856767,0.8475915514126191,1.0,False,False,False
Serrana,inverno,ur_med,obitos_i60_i69,P05_vs_P50,79,73,2830.0,0.8416950636100736,-0.0185538408184498,-0.1898734177215189,0.9989348007679995,1.0,False,False,False
Serrana,inverno,ur_med,obitos_i60_i69,P95_vs_P50,55,73,2041.5,0.8690380313735426,0.016936488169364883,-0.07272727272727275,1.0,1.0,False,False,False
Serrana,inverno,ur_med,obitos_i60_i64,P05_vs_P50,79,73,2590.0,0.2573157074461022,-0.10178602392925265,-0.2455349401768684,0.8055100407008418,1.0,False,False,False
Serrana,inverno,ur_med,obitos_i60_i64,P95_vs_P50,55,73,2043.5,0.8585740430701974,0.01793275217932752,-0.03287671232876721,1.0,1.0,False,False,False
