macro_regiao,outcome,exposure,rr_p05,rr_p95,p_fdr_p05,lb_pvalue,status,classificacao
Baia da Ilha Grande,internacoes_i60_i69,temp_med,1.2813573311409243,0.9183709737059048,0.15032362857882897,7.630147762716089e-5,valido,evidencia_insuficiente
Baia da Ilha Grande,internacoes_i60_i69,ur_med,0.8474092963665959,1.0994006343193343,0.13419529829790552,3.820048903613315e-5,valido,evidencia_insuficiente
Baia da Ilha Grande,obitos_i60_i69,temp_med,1.6626066970342728,1.2750842071594208,0.14834225516837682,0.06340748347999414,valido,evidencia_insuficiente
Baia da Ilha Grande,obitos_i60_i69,ur_med,1.1773440141622025,0.932042961227613,0.07229705744991713,0.05179874054232836,valido,sinal_sugestivo
Baia da Ilha Grande,internacoes_i60_i64,temp_med,1.3499923967641558,0.894825328506582,0.1340068306270064,1.802548655667202e-4,valido,evidencia_insuficiente
Baia da Ilha Grande,internacoes_i60_i64,ur_med,0.8540948905904385,1.1734632682205142,0.11653127866462738,8.132182170261792e-5,valido,evidencia_insuficiente
Baia da Ilha Grande,obitos_i60_i64,temp_med,1.980734036269787,1.25552208110525,0.19605718833598315,0.0016596690909707,valido,evidencia_insuficiente
Baia da Ilha Grande,obitos_i60_i64,ur_med,1.1830617053264636,0.9042167818170924,0.1300187443135448,0.00172388121400657,valido,evidencia_insuficiente
Baixada Litoranea,internacoes_i60_i69,temp_med,0.9249922880187372,0.9840851293399964,0.2839424907436276,0.01056649387589037,valido,evidencia_insuficiente
Baixada Litoranea,internacoes_i60_i69,ur_med,1.1488043883741583,1.0473001914592692,0.24146517980929463,0.01335307641752014,valido,evidencia_insuficiente
Baixada Litoranea,obitos_i60_i69,temp_med,1.3215069573180835,0.924846726244008,0.4182987646506703,0.4371355247664363,valido,evidencia_insuficiente
Baixada Litoranea,obitos_i60_i69,ur_med,1.3415106706886255,1.1709372278577033,0.2703676804533361,0.4351920576021606,valido,evidencia_insuficiente
Baixada Litoranea,internacoes_i60_i64,temp_med,0.917615602737515,0.9965024879633424,0.13419529829790552,0.0068299491512459,valido,evidencia_insuficiente
Baixada Litoranea,internacoes_i60_i64,ur_med,1.1739810621835665,1.063840977089461,0.36603446073788576,0.01050833629181458,valido,evidencia_insuficiente
Baixada Litoranea,obitos_i60_i64,temp_med,1.577146210017646,0.8934436047211127,0.3041023888703654,0.03627400164428962,valido,evidencia_insuficiente
Baixada Litoranea,obitos_i60_i64,ur_med,1.444668263041834,1.3403725818330017,0.33752943693072207,0.03944952740808305,valido,evidencia_insuficiente
Centro-Sul,internacoes_i60_i69,temp_med,1.047393899030258,0.979621194300304,0.7527761441905806,0.02586341155439142,valido,evidencia_insuficiente
Centro-Sul,internacoes_i60_i69,ur_med,1.02917493558715,1.0163992432983489,0.443515140583032,0.02584085121849089,valido,evidencia_insuficiente
Centro-Sul,obitos_i60_i69,temp_med,1.3759578690352336,0.7815216580639391,0.04342299600065292,5.464740946726776e-4,valido,sinal_sugestivo
Centro-Sul,obitos_i60_i69,ur_med,1.158469436659846,0.969549553424368,0.4182987646506703,9.319510942684684e-4,valido,evidencia_insuficiente
Centro-Sul,internacoes_i60_i64,temp_med,0.8999356243456739,0.9186894169355256,0.7527761441905806,0.01835079400050565,valido,evidencia_insuficiente
Centro-Sul,internacoes_i60_i64,ur_med,0.9172693712168354,0.8266474994749867,0.15951300854352343,0.02156680180088277,valido,evidencia_insuficiente
Centro-Sul,obitos_i60_i64,temp_med,1.3658724279275916,0.8405121803166609,0.3203721619549481,0.1350790452799666,valido,evidencia_insuficiente
Centro-Sul,obitos_i60_i64,ur_med,1.006462231868799,0.8980292502063488,0.26140413305798443,0.09379727277194372,valido,evidencia_insuficiente
Medio Paraiba,internacoes_i60_i69,temp_med,0.9456896016574105,1.138098830277786,0.0673211805008989,0.00185769217485176,valido,sinal_sugestivo
Medio Paraiba,internacoes_i60_i69,ur_med,0.7767826577402376,0.8046576110169609,0.0058012022616067,0.0021688967446023,valido,sinal_sugestivo
Medio Paraiba,obitos_i60_i69,temp_med,1.3020889976017749,1.0909618059878554,0.00581117565648555,0.00394936092194075,valido,sinal_sugestivo
Medio Paraiba,obitos_i60_i69,ur_med,1.10903796754234,1.1604633164711236,1.944278169237984e-5,0.00359151392986678,valido,sinal_sugestivo
Medio Paraiba,internacoes_i60_i64,temp_med,1.053119413164026,0.8421454353944782,0.02195911022093007,1.5562491298748427e-5,valido,sinal_sugestivo
Medio Paraiba,internacoes_i60_i64,ur_med,0.7593988946266665,1.039099801714382,0.00546010041803223,5.077649693929764e-6,valido,sinal_sugestivo
Medio Paraiba,obitos_i60_i64,temp_med,1.2492354989907295,1.0852131257609443,0.00355706100909078,0.0090431595236553,valido,sinal_sugestivo
Medio Paraiba,obitos_i60_i64,ur_med,0.9528274288866728,1.233189672086111,0.00546010041803223,0.01021748854059989,valido,sinal_sugestivo
Metropolitana I,internacoes_i60_i69,temp_med,1.3430331927017778,1.5479458196827234,0.07229705744991713,0,valido,sinal_sugestivo
Metropolitana I,internacoes_i60_i69,ur_med,0.8225500172528066,0.6913629468042434,0.7527761441905806,0,valido,evidencia_insuficiente
Metropolitana I,obitos_i60_i69,temp_med,1.209877965359042,1.0604215206541356,7.235824176206576e-15,0.01593566835325333,valido,sinal_sugestivo
Metropolitana I,obitos_i60_i69,ur_med,1.1198285324648003,1.1037266552881582,0.0040656217611147296,0.07374302275408073,valido,sinal_consistente
Metropolitana I,internacoes_i60_i64,temp_med,1.0936736769235422,0.8994332361629805,3.331079159653358e-14,5.625112597940074e-9,valido,sinal_sugestivo
Metropolitana I,internacoes_i60_i64,ur_med,0.9763596372850856,1.07927511884619,0.01379707398245113,5.1574902792950184e-8,valido,sinal_sugestivo
Metropolitana I,obitos_i60_i64,temp_med,1.2242455267099934,1.0257037966128602,2.915559912402371e-11,0.00310883647749748,valido,sinal_sugestivo
Metropolitana I,obitos_i60_i64,ur_med,0.9901736827389592,1.0285289771684614,0.01461470045551379,0.01891110126694817,valido,sinal_sugestivo
Metropolitana II,internacoes_i60_i69,temp_med,1.0968768593328777,0.8614665538929159,0.03496470877125873,0.00206828150035431,valido,sinal_sugestivo
Metropolitana II,internacoes_i60_i69,ur_med,1.1298610622041572,1.0554615895634012,0.371687179600508,7.218388122200992e-4,valido,evidencia_insuficiente
Metropolitana II,obitos_i60_i69,temp_med,1.0958807406969393,1.0136196298723203,0.5746027348607465,0.07694976115726493,valido,evidencia_insuficiente
Metropolitana II,obitos_i60_i69,ur_med,0.9702114865655138,0.8322502885449333,0.2565068418713478,0.05394767479559304,valido,evidencia_insuficiente
Metropolitana II,internacoes_i60_i64,temp_med,1.0060424392343368,0.8957523540243739,0.0040656217611147296,0.00247767982720803,valido,sinal_sugestivo
Metropolitana II,internacoes_i60_i64,ur_med,1.1085381155355305,1.0558491696342769,0.36603446073788576,0.00220185406507644,valido,evidencia_insuficiente
Metropolitana II,obitos_i60_i64,temp_med,1.1052379242983286,1.0558226768490653,0.39416299369022434,0.00214858687686125,valido,evidencia_insuficiente
Metropolitana II,obitos_i60_i64,ur_med,0.9860619187196268,0.8478061292128767,0.7072211233507346,0.00204904519582882,valido,evidencia_insuficiente
Noroeste,internacoes_i60_i69,temp_med,1.796217097387641,0.7863295693664989,0.00219871782023325,0.03149654038311955,valido,sinal_sugestivo
Noroeste,internacoes_i60_i69,ur_med,0.8782914409053791,1.0333947663343577,0.07229705744991713,0.03213449379379896,valido,sinal_sugestivo
Noroeste,obitos_i60_i69,temp_med,1.4185182078870844,1.2057495515809329,0.28658859785530244,0.10042253428581371,valido,evidencia_insuficiente
Noroeste,obitos_i60_i69,ur_med,0.9850778651960468,1.0418668139284528,0.5478251485957788,0.14255818950385613,valido,evidencia_insuficiente
Noroeste,internacoes_i60_i64,temp_med,1.9196651490347747,0.9236260458199942,0.00125774397463804,0.00329523757201699,valido,sinal_sugestivo
Noroeste,internacoes_i60_i64,ur_med,0.903677994341291,1.0714214235990036,0.371687179600508,0.0151434649501162,valido,evidencia_insuficiente
Noroeste,obitos_i60_i64,temp_med,1.8478364950032355,1.4068054472812546,0.04885413811783259,0.07682405454754115,valido,sinal_consistente
Noroeste,obitos_i60_i64,ur_med,0.7877596379759283,1.1012756897175937,0.3135312449302824,0.133878345154122,valido,evidencia_insuficiente
Norte,internacoes_i60_i69,temp_med,0.8193150315567193,0.4038457241884322,0.19386535171247415,0.35700343051200156,valido,evidencia_insuficiente
Norte,internacoes_i60_i69,ur_med,0.8478393562321768,1.3642343190160506,0.7527761441905806,0.27276888655371967,valido,evidencia_insuficiente
Norte,obitos_i60_i69,temp_med,1.4188458863895226,1.201667061302225,0.05884891127292817,0.1940759760617522,valido,sinal_sugestivo
Norte,obitos_i60_i69,ur_med,1.1435096853305975,0.9840532523469832,0.03407581175114548,0.17251553446591317,valido,sinal_consistente
Norte,internacoes_i60_i64,temp_med,0.959630774855022,0.9725790108216936,0.4155994609634459,7.916273986977584e-4,valido,evidencia_insuficiente
Norte,internacoes_i60_i64,ur_med,1.1057924436979707,1.200605515493009,0.777504033346293,5.248438082549045e-4,valido,evidencia_insuficiente
Norte,obitos_i60_i64,temp_med,1.3562877815245362,1.1075434525699266,0.7072211233507346,0.4672017720967041,valido,evidencia_insuficiente
Norte,obitos_i60_i64,ur_med,1.2024839264803815,1.0992097550126445,0.19605718833598315,0.4409225250174341,valido,evidencia_insuficiente
Serrana,internacoes_i60_i69,temp_med,2.726740747766628,1.3815271362345214,0.11898599714407627,0.0606986759265542,valido,evidencia_insuficiente
Serrana,internacoes_i60_i69,ur_med,0.816506552055088,0.7137119873752471,0.01461470045551379,9.460798811034009e-11,valido,sinal_sugestivo
Serrana,obitos_i60_i69,temp_med,1.1025301901375208,0.9244892855443518,0.32477495084113234,0.01365317906859608,valido,evidencia_insuficiente
Serrana,obitos_i60_i69,ur_med,1.0217718331422374,0.904500232985297,0.09912159900697055,0.02409747813455143,valido,sinal_sugestivo
Serrana,internacoes_i60_i64,temp_med,1.1241942865478072,0.922602877299408,0.32477495084113234,6.267656380942732e-5,valido,evidencia_insuficiente
Serrana,internacoes_i60_i64,ur_med,0.9725167898102176,1.0853695979249924,0.1337831590022414,3.924474450056614e-5,valido,evidencia_insuficiente
Serrana,obitos_i60_i64,temp_med,1.2707095975729512,0.9403699310930534,0.7277570175298905,0.2659800396845311,valido,evidencia_insuficiente
Serrana,obitos_i60_i64,ur_med,1.0336717014764365,0.734976118719004,0.00355706100909078,0.28956008163345404,valido,sinal_consistente
