macro_regiao,exposicao,outcome,contrast,n_P05,n_P50,median_P05,median_P50,mean_P05,mean_P50,U_stat,p_value,mean_diff,n_P95,median_P95,mean_P95,fdr_bh,bonferroni,sinal_bh_005,sinal_bh_010,sinal_bonf_005,cliffs_delta,cliffs_abs,cliffs_magnitude
Baia da Ilha Grande,temp_med,internacoes_i60_i69,P05_vs_P50,294.0,247,1.0,1.0,0.8843537414965986,0.9230769230769231,35055.0,0.4594014411606554,-0.038723181580324506,,,,0.6963558687066776,1.0,False,False,False,-0.03453689167974882,0.03453689167974882,negligenciável
Baia da Ilha Grande,temp_med,internacoes_i60_i69,P95_vs_P50,,247,,1.0,,0.9230769230769231,33836.5,0.1624811432066654,-0.1210291415069572,293.0,1.0,0.8020477815699659,0.37138547018666374,1.0,False,False,False,-0.06491550482928245,0.06491550482928245,negligenciável
Baia da Ilha Grande,temp_med,internacoes_i60_i64,P05_vs_P50,294.0,247,1.0,1.0,0.8469387755102041,0.8704453441295547,35317.5,0.5566091694045282,-0.02350656861935052,,,,0.7490814990117015,1.0,False,False,False,-0.027307279186978436,0.027307279186978436,negligenciável
Baia da Ilha Grande,temp_med,internacoes_i60_i64,P95_vs_P50,,247,,1.0,,0.8704453441295547,33931.5,0.17767190169389824,-0.11617913252545908,293.0,1.0,0.7542662116040956,0.38764778551395984,1.0,False,False,False,-0.06229014384214672,0.06229014384214672,negligenciável
Baia da Ilha Grande,temp_med,obitos_i60_i69,P05_vs_P50,294.0,247,0.0,0.0,0.3707482993197279,0.29554655870445345,38333.5,0.1596735411794321,0.07520174061527446,,,,0.3708546762877133,1.0,False,False,False,0.05575752568233771,0.05575752568233771,negligenciável
Baia da Ilha Grande,temp_med,obitos_i60_i69,P95_vs_P50,,247,,0.0,,0.29554655870445345,37549.0,0.33755497189705086,0.05598927747302096,293.0,0.0,0.3515358361774744,0.5927794628436015,1.0,False,False,False,0.03768083901010073,0.03768083901010073,negligenciável
Baia da Ilha Grande,temp_med,obitos_i60_i64,P05_vs_P50,294.0,247,0.0,0.0,0.2585034013605442,0.16194331983805668,39339.5,0.015481652765900704,0.09656008152248755,,,,0.07961992851034648,1.0,False,True,False,0.08346415489272632,0.08346415489272632,negligenciável
Baia da Ilha Grande,temp_med,obitos_i60_i64,P95_vs_P50,,247,,0.0,,0.16194331983805668,36880.5,0.5482779988034749,0.03600889859197745,293.0,0.0,0.19795221843003413,0.7519241126447657,1.0,False,False,False,0.01920658827430877,0.01920658827430877,negligenciável
Baia da Ilha Grande,ur_med,internacoes_i60_i69,P05_vs_P50,293.0,326,1.0,1.0,0.7918088737201365,0.8312883435582822,47401.5,0.8615583456061999,-0.03947946983814565,,,,0.9122382482889176,1.0,False,False,False,-0.00748550011516154,0.00748550011516154,negligenciável
Baia da Ilha Grande,ur_med,internacoes_i60_i69,P95_vs_P50,,326,,1.0,,0.8312883435582822,49101.5,0.5672679957047033,-0.014961812946037267,294.0,1.0,0.8163265306122449,0.7563573276062712,1.0,False,False,False,0.024612912649722464,0.024612912649722464,negligenciável
Baia da Ilha Grande,ur_med,internacoes_i60_i64,P05_vs_P50,293.0,326,0.0,0.5,0.7474402730375427,0.7852760736196319,47235.0,0.7967597803763828,-0.03783580058208924,,,,0.9034126643637727,1.0,False,False,False,-0.010971754014950062,0.010971754014950062,negligenciável
Baia da Ilha Grande,ur_med,internacoes_i60_i64,P95_vs_P50,,326,,0.5,,0.7852760736196319,48923.0,0.6251411451550072,-0.009765869537999294,294.0,1.0,0.7755102040816326,0.8037529009135806,1.0,False,False,False,0.02088810984516506,0.02088810984516506,negligenciável
Baia da Ilha Grande,ur_med,obitos_i60_i69,P05_vs_P50,293.0,326,0.0,0.0,0.3412969283276451,0.25766871165644173,50995.5,0.05171114641542261,0.08362821667120335,,,,0.16923647917774673,1.0,False,False,False,0.06776733181180511,0.06776733181180511,negligenciável
Baia da Ilha Grande,ur_med,obitos_i60_i69,P95_vs_P50,,326,,0.0,,0.25766871165644173,49915.0,0.22463227696834553,0.03484829514627935,294.0,0.0,0.2925170068027211,0.45559222371044733,1.0,False,False,False,0.041588414506907055,0.041588414506907055,negligenciável
Baia da Ilha Grande,ur_med,obitos_i60_i64,P05_vs_P50,293.0,326,0.0,0.0,0.21843003412969283,0.15950920245398773,50238.0,0.07948172352184213,0.05892083167570511,,,,0.22890736374290532,1.0,False,False,False,0.05190644695240688,0.05190644695240688,negligenciável
Baia da Ilha Grande,ur_med,obitos_i60_i64,P95_vs_P50,,326,,0.0,,0.15950920245398773,48697.0,0.5674402929608042,0.007157464212678932,294.0,0.0,0.16666666666666666,0.7496458916179433,1.0,False,False,False,0.016172113016985935,0.016172113016985935,negligenciável
Baixada Litoranea,temp_med,internacoes_i60_i69,P05_vs_P50,293.0,240,1.0,1.0,1.7235494880546076,1.5,39003.5,0.025177449260574615,0.22354948805460761,,,,0.10358721981493556,1.0,False,False,False,0.10931456200227531,0.10931456200227531,negligenciável
Baixada Litoranea,temp_med,internacoes_i60_i69,P95_vs_P50,,240,,1.0,,1.5,40386.5,0.0024133108451690386,0.37030716723549495,293.0,2.0,1.870307167235495,0.026732058592641657,0.34751676170434154,True,True,False,0.1486490329920364,0.1486490329920364,pequeno
Baixada Litoranea,temp_med,internacoes_i60_i64,P05_vs_P50,293.0,240,1.0,1.0,1.651877133105802,1.4375,39040.0,0.02358385134450467,0.21437713310580198,,,,0.10291135132147493,1.0,False,False,False,0.11035267349260523,0.11035267349260523,negligenciável
Baixada Litoranea,temp_med,internacoes_i60_i64,P95_vs_P50,,240,,1.0,,1.4375,39962.5,0.005187919335110347,0.32017918088737196,293.0,2.0,1.757679180887372,0.043944728485640586,0.7470603842558899,True,True,False,0.13658987485779295,0.13658987485779295,negligenciável
Baixada Litoranea,temp_med,obitos_i60_i69,P05_vs_P50,293.0,240,1.0,1.0,1.075085324232082,0.9833333333333333,37236.5,0.21487772476859135,0.09175199089874864,,,,0.4484404690822776,1.0,False,False,False,0.05905858930602958,0.05905858930602958,negligenciável
Baixada Litoranea,temp_med,obitos_i60_i69,P95_vs_P50,,240,,1.0,,0.9833333333333333,34139.0,0.5399428298667908,-0.0550056882821387,293.0,1.0,0.9283276450511946,0.754871529134154,1.0,False,False,False,-0.0290386803185438,0.0290386803185438,negligenciável
Baixada Litoranea,temp_med,obitos_i60_i64,P05_vs_P50,293.0,240,0.0,0.0,0.6689419795221843,0.625,36785.0,0.3077583119964169,0.04394197952218426,,,,0.5539649615935505,1.0,False,False,False,0.04621729237770193,0.04621729237770193,negligenciável
Baixada Litoranea,temp_med,obitos_i60_i64,P95_vs_P50,,240,,0.0,,0.625,34017.5,0.46461485302261396,-0.061860068259385614,293.0,0.0,0.5631399317406144,0.6969222795339208,1.0,False,False,False,-0.032494311717861206,0.032494311717861206,negligenciável
Baixada Litoranea,ur_med,internacoes_i60_i69,P05_vs_P50,293.0,303,2.0,1.0,1.8225255972696246,1.5313531353135315,48621.0,0.038610232449712734,0.29117246195609314,,,,0.13899683681896585,1.0,False,False,False,0.095326597506167,0.095326597506167,negligenciável
Baixada Litoranea,ur_med,internacoes_i60_i69,P95_vs_P50,,303,,1.0,,1.5313531353135315,39127.5,0.009645896786124002,-0.23783777695175679,293.0,1.0,1.2935153583617747,0.06945045686009281,1.0,False,True,False,-0.11854154698746325,0.11854154698746325,negligenciável
Baixada Litoranea,ur_med,internacoes_i60_i64,P05_vs_P50,293.0,303,1.0,1.0,1.6996587030716723,1.4323432343234324,48266.0,0.05750441108234428,0.26731546874823997,,,,0.17618372757143783,1.0,False,False,False,0.08732921073677334,0.08732921073677334,negligenciável
Baixada Litoranea,ur_med,internacoes_i60_i64,P95_vs_P50,,303,,1.0,,1.4323432343234324,39530.0,0.016479071429170326,-0.2105002309104631,293.0,1.0,1.2218430034129693,0.08182711330346644,1.0,False,True,False,-0.10947408734047466,0.10947408734047466,negligenciável
Baixada Litoranea,ur_med,obitos_i60_i69,P05_vs_P50,293.0,303,1.0,1.0,0.9488054607508533,1.0198019801980198,43369.0,0.6071948856202368,-0.07099651944716656,,,,0.7948733048119463,1.0,False,False,False,-0.022989670980749954,0.022989670980749954,negligenciável
Baixada Litoranea,ur_med,obitos_i60_i69,P95_vs_P50,,303,,1.0,,1.0198019801980198,44765.0,0.8505883739192049,-0.009563072348190538,293.0,1.0,1.0102389078498293,0.9209377883035001,1.0,False,False,False,0.008459207695513579,0.008459207695513579,negligenciável
Baixada Litoranea,ur_med,obitos_i60_i64,P05_vs_P50,293.0,303,0.0,0.0,0.6040955631399317,0.6402640264026402,44036.5,0.8508177149343933,-0.036168463262708506,,,,0.9143115742578555,1.0,False,False,False,-0.007952331069284403,0.007952331069284403,negligenciável
Baixada Litoranea,ur_med,obitos_i60_i64,P95_vs_P50,,303,,0.0,,0.6402640264026402,45305.0,0.6276781735554582,0.015026075986438236,293.0,0.0,0.6552901023890785,0.7998730707255397,1.0,False,False,False,0.020624246725013798,0.020624246725013798,negligenciável
Centro-Sul,temp_med,internacoes_i60_i69,P05_vs_P50,293.0,191,1.0,2.0,1.6689419795221843,2.0785340314136125,23693.0,0.0034121528804882755,-0.4095920518914282,,,,0.030709375924394478,0.49135001479031165,True,True,False,-0.15326197666315244,0.15326197666315244,pequeno
Centro-Sul,temp_med,internacoes_i60_i69,P95_vs_P50,,191,,2.0,,2.0785340314136125,27031.0,0.4776949257603552,-0.09894219467891863,294.0,2.0,1.9795918367346939,0.7019190745866444,1.0,False,False,False,-0.03725469245289739,0.03725469245289739,negligenciável
Centro-Sul,temp_med,internacoes_i60_i64,P05_vs_P50,293.0,191,1.0,2.0,1.5392491467576792,1.9162303664921465,24293.0,0.011642489048178266,-0.3769812197344673,,,,0.0698549342890696,1.0,False,True,False,-0.13181923771063023,0.13181923771063023,negligenciável
Centro-Sul,temp_med,internacoes_i60_i64,P95_vs_P50,,191,,2.0,,1.9162303664921465,26928.0,0.43489387614551067,-0.13731880186629608,294.0,2.0,1.7789115646258504,0.6807034583147124,1.0,False,False,False,-0.04092317555294369,0.04092317555294369,negligenciável
Centro-Sul,temp_med,obitos_i60_i69,P05_vs_P50,293.0,191,1.0,0.0,0.6928327645051194,0.743455497382199,27995.0,0.9924456676676687,-0.050622732877079524,,,,0.9924456676676687,1.0,False,False,False,0.0004824616264317496,0.0004824616264317496,negligenciável
Centro-Sul,temp_med,obitos_i60_i69,P95_vs_P50,,191,,0.0,,0.743455497382199,25777.0,0.08930355670110275,-0.18563236813049833,294.0,0.0,0.5578231292517006,0.2521512189207607,1.0,False,False,False,-0.08191758378744168,0.08191758378744168,negligenciável
Centro-Sul,temp_med,obitos_i60_i64,P05_vs_P50,293.0,191,0.0,0.0,0.4812286689419795,0.4712041884816754,28257.0,0.8316742290407946,0.01002448046030413,,,,0.9212391460144186,1.0,False,False,False,0.00984579096903311,0.00984579096903311,negligenciável
Centro-Sul,temp_med,obitos_i60_i64,P95_vs_P50,,191,,0.0,,0.4712041884816754,25665.0,0.05291565611215188,-0.11065997079460055,294.0,0.0,0.36054421768707484,0.16564901043804067,1.0,False,False,False,-0.08590661395448232,0.08590661395448232,negligenciável
Centro-Sul,ur_med,internacoes_i60_i69,P05_vs_P50,293.0,289,2.0,2.0,1.7440273037542662,1.8961937716262975,40154.5,0.2685323017262562,-0.15216646787203136,,,,0.5297075540901491,1.0,False,False,False,-0.05158425546488421,0.05158425546488421,negligenciável
Centro-Sul,ur_med,internacoes_i60_i69,P95_vs_P50,,289,,2.0,,1.8961937716262975,35536.5,0.0005569174395293325,-0.2989241470529187,293.0,1.0,1.5972696245733788,0.00891067903246932,0.08019611129222388,True,True,False,-0.16065755754218974,0.16065755754218974,pequeno
Centro-Sul,ur_med,internacoes_i60_i64,P05_vs_P50,293.0,289,2.0,2.0,1.6348122866894197,1.740484429065744,40223.5,0.28273550934119895,-0.10567214237632427,,,,0.5357093861201665,1.0,False,False,False,-0.049954533108163966,0.049954533108163966,negligenciável
Centro-Sul,ur_med,internacoes_i60_i64,P95_vs_P50,,289,,2.0,,1.740484429065744,35009.0,0.00018985594010987214,-0.37529671575516366,293.0,1.0,1.3651877133105803,0.0039056079108316555,0.02733925537582159,True,True,True,-0.17311666686349303,0.17311666686349303,pequeno
Centro-Sul,ur_med,obitos_i60_i69,P05_vs_P50,293.0,289,0.0,0.0,0.6245733788395904,0.5051903114186851,44274.0,0.27726041585107986,0.11938306742090532,,,,0.5395337821966959,1.0,False,False,False,0.04571489306423232,0.04571489306423232,negligenciável
Centro-Sul,ur_med,obitos_i60_i69,P95_vs_P50,,289,,0.0,,0.5051903114186851,46812.0,0.013324001268357071,0.17399057595332856,293.0,0.0,0.6791808873720137,0.0737944685632084,1.0,False,True,False,0.10566033279402907,0.10566033279402907,negligenciável
Centro-Sul,ur_med,obitos_i60_i64,P05_vs_P50,293.0,289,0.0,0.0,0.41638225255972694,0.32525951557093424,44206.5,0.2511196721038754,0.0911227369887927,,,,0.5022393442077508,1.0,False,False,False,0.0441205994543973,0.0441205994543973,negligenciável
Centro-Sul,ur_med,obitos_i60_i64,P95_vs_P50,,289,,0.0,,0.32525951557093424,45881.0,0.032887487665025125,0.11501352197172787,293.0,0.0,0.4402730375426621,0.12462626904641101,1.0,False,False,False,0.08367089056060087,0.08367089056060087,negligenciável
Medio Paraiba,temp_med,internacoes_i60_i69,P05_vs_P50,293.0,248,4.0,4.0,5.290102389078498,4.512096774193548,40522.5,0.019790217762741584,0.7780056148849503,,,,0.09192875347854156,1.0,False,True,False,0.11533909501266101,0.11533909501266101,negligenciável
Medio Paraiba,temp_med,internacoes_i60_i69,P95_vs_P50,,248,,4.0,,4.512096774193548,32761.0,0.04024663299082584,-0.15155255650647348,294.0,3.0,4.360544217687075,0.14135402806533956,1.0,False,False,False,-0.10135505815229318,0.10135505815229318,negligenciável
Medio Paraiba,temp_med,internacoes_i60_i64,P05_vs_P50,293.0,248,4.0,3.0,3.78839590443686,3.379032258064516,40688.5,0.01509436814776744,0.409363646372344,,,,0.08050329678809301,1.0,False,True,False,0.1199080700209182,0.1199080700209182,negligenciável
Medio Paraiba,temp_med,internacoes_i60_i64,P95_vs_P50,,248,,3.0,,3.379032258064516,32590.5,0.03131838333225258,-0.37222953697608085,294.0,3.0,3.006802721088435,0.12188776215795598,1.0,False,False,False,-0.1060319289005925,0.1060319289005925,negligenciável
Medio Paraiba,temp_med,obitos_i60_i69,P05_vs_P50,293.0,248,2.0,1.0,1.7064846416382253,1.5524193548387097,38607.0,0.1956939474727375,0.1540652867995156,,,,0.4205959468070776,1.0,False,False,False,0.06261697676978972,0.06261697676978972,negligenciável
Medio Paraiba,temp_med,obitos_i60_i69,P95_vs_P50,,248,,1.0,,1.5524193548387097,36022.5,0.8055948622639588,-0.021807109940750635,294.0,1.0,1.530612244897959,0.9062942200469537,1.0,False,False,False,-0.011891046741277157,0.011891046741277157,negligenciável
Medio Paraiba,temp_med,obitos_i60_i64,P05_vs_P50,293.0,248,1.0,1.0,1.0341296928327646,0.9475806451612904,38094.0,0.30337373138611534,0.0865490476714742,,,,0.552985029362033,1.0,False,False,False,0.04849719255752505,0.04849719255752505,negligenciável
Medio Paraiba,temp_med,obitos_i60_i64,P95_vs_P50,,248,,1.0,,0.9475806451612904,35825.5,0.7120614154346481,-0.049621461487820984,294.0,1.0,0.8979591836734694,0.8544736985215776,1.0,False,False,False,-0.01729482115426816,0.01729482115426816,negligenciável
Medio Paraiba,ur_med,internacoes_i60_i69,P05_vs_P50,293.0,328,4.0,3.0,4.914675767918089,4.439024390243903,46687.5,0.5374708846152811,0.4756513776741862,,,,0.7587824253392205,1.0,False,False,False,-0.02839632065262632,0.02839632065262632,negligenciável
Medio Paraiba,ur_med,internacoes_i60_i69,P95_vs_P50,,328,,3.0,,4.439024390243903,47269.5,0.6695221240344749,0.12900282064045054,294.0,4.0,4.568027210884353,0.8240272295808921,1.0,False,False,False,-0.019630413140866103,0.019630413140866103,negligenciável
Medio Paraiba,ur_med,internacoes_i60_i64,P05_vs_P50,293.0,328,3.0,3.0,3.3003412969283277,3.548780487804878,44565.5,0.11366543732447096,-0.24843919087655042,,,,0.2922825531200682,1.0,False,False,False,-0.07255681345209357,0.07255681345209357,negligenciável
Medio Paraiba,ur_med,internacoes_i60_i64,P95_vs_P50,,328,,3.0,,3.548780487804878,46444.5,0.42313539539651523,-0.14401858304297344,294.0,3.0,3.4047619047619047,0.6695768894186614,1.0,False,False,False,-0.03674091587854654,0.03674091587854654,negligenciável
Medio Paraiba,ur_med,obitos_i60_i69,P05_vs_P50,293.0,328,1.0,2.0,1.522184300341297,1.6371951219512195,46082.5,0.36219621011581593,-0.1150108216099226,,,,0.6064680727520638,1.0,False,False,False,-0.0409868475817864,0.0409868475817864,negligenciável
Medio Paraiba,ur_med,obitos_i60_i69,P95_vs_P50,,328,,2.0,,1.6371951219512195,46536.0,0.4384748768060671,-0.09297743487638965,294.0,1.0,1.5442176870748299,0.6789288415061684,1.0,False,False,False,-0.03484320557491289,0.03484320557491289,negligenciável
Medio Paraiba,ur_med,obitos_i60_i64,P05_vs_P50,293.0,328,1.0,1.0,0.8532423208191127,0.9847560975609756,43982.0,0.05265354946310368,-0.13151377674186293,,,,0.1684913582819318,1.0,False,False,False,-0.08469990843253142,0.08469990843253142,negligenciável
Medio Paraiba,ur_med,obitos_i60_i64,P95_vs_P50,,328,,1.0,,0.9847560975609756,44239.5,0.05884747133093927,-0.09359963497594159,294.0,1.0,0.891156462585034,0.1765424139928178,1.0,False,False,False,-0.08247262319561971,0.08247262319561971,negligenciável
Metropolitana I,temp_med,internacoes_i60_i69,P05_vs_P50,293.0,247,24.0,21.0,24.911262798634812,22.275303643724698,43561.5,4.3774034469388916e-05,2.6359591549101147,,,,0.001050576827265334,0.006303460963592004,True,True,True,0.20383855411698057,0.20383855411698057,pequeno
Metropolitana I,temp_med,internacoes_i60_i69,P95_vs_P50,,247,,21.0,,22.275303643724698,33185.5,0.09648819234659455,9.04551546890329,293.0,20.0,31.320819112627987,0.2621565980737663,1.0,False,False,False,-0.0829061364358652,0.0829061364358652,negligenciável
Metropolitana I,temp_med,internacoes_i60_i64,P05_vs_P50,293.0,247,22.0,19.0,22.085324232081913,19.31578947368421,44859.5,1.5351140480085509e-06,2.769534758397704,,,,4.421128458264626e-05,0.0002210564229132313,True,True,True,0.23970927581489823,0.23970927581489823,pequeno
Metropolitana I,temp_med,internacoes_i60_i64,P95_vs_P50,,247,,19.0,,19.31578947368421,33343.5,0.11524363392223749,-1.3328543201005907,293.0,18.0,17.982935153583618,0.2911418120140737,1.0,False,False,False,-0.07853974658357629,0.07853974658357629,negligenciável
Metropolitana I,temp_med,obitos_i60_i69,P05_vs_P50,293.0,247,16.0,16.0,16.552901023890787,15.558704453441296,40381.0,0.01994441060058225,0.9941965704494908,,,,0.08974984770262012,1.0,False,True,False,0.11594423180555748,0.11594423180555748,negligenciável
Metropolitana I,temp_med,obitos_i60_i69,P95_vs_P50,,247,,16.0,,15.558704453441296,39392.0,0.07530312303932925,0.46177336225836463,293.0,17.0,16.02047781569966,0.22129897382986555,1.0,False,False,False,0.08861284216053392,0.08861284216053392,negligenciável
Metropolitana I,temp_med,obitos_i60_i64,P05_vs_P50,293.0,247,11.0,10.0,11.402730375426621,10.562753036437247,40776.5,0.010754785313425302,0.8399773389893745,,,,0.06733430804927146,1.0,False,True,False,0.1268740241256857,0.1268740241256857,negligenciável
Metropolitana I,temp_med,obitos_i60_i64,P95_vs_P50,,247,,10.0,,10.562753036437247,35333.0,0.6360023301739484,-0.2692376780754717,293.0,11.0,10.293515358361775,0.8033713644302505,1.0,False,False,False,-0.02355916043719169,0.02355916043719169,negligenciável
Metropolitana I,ur_med,internacoes_i60_i69,P05_vs_P50,293.0,336,22.0,22.0,22.77815699658703,23.029761904761905,47692.5,0.5002284793179443,-0.25160490817487613,,,,0.7131970398196434,1.0,False,False,False,-0.031112871769868357,0.031112871769868357,negligenciável
Metropolitana I,ur_med,internacoes_i60_i69,P95_vs_P50,,336,,22.0,,23.029761904761905,43365.0,0.00988744114342671,-1.3164513245571285,293.0,21.0,21.713310580204777,0.06779959641206887,1.0,False,True,False,-0.1190273037542662,0.1190273037542662,negligenciável
Metropolitana I,ur_med,internacoes_i60_i64,P05_vs_P50,293.0,336,20.0,20.0,20.51877133105802,20.866071428571427,48487.5,0.7458538838069216,-0.34730009751340774,,,,0.8803521251491534,1.0,False,False,False,-0.014962213554363725,0.014962213554363725,negligenciável
Metropolitana I,ur_med,internacoes_i60_i64,P95_vs_P50,,336,,20.0,,20.866071428571427,42074.0,0.0016397688748180594,-1.866071428571427,293.0,19.0,19.0,0.021466065270345506,0.23612671797380055,True,True,False,-0.14525434747277752,0.14525434747277752,negligenciável
Metropolitana I,ur_med,obitos_i60_i69,P05_vs_P50,293.0,336,16.0,16.0,16.27645051194539,15.726190476190476,52688.5,0.1266581402328401,0.5502600357549152,,,,0.3091317320937115,1.0,False,False,False,0.07038233382090038,0.07038233382090038,negligenciável
Metropolitana I,ur_med,obitos_i60_i69,P95_vs_P50,,336,,16.0,,15.726190476190476,46067.5,0.16409662066488895,-0.6852348447911591,293.0,15.0,15.040955631399317,0.36921739649600016,1.0,False,False,False,-0.06412522346822688,0.06412522346822688,negligenciável
Metropolitana I,ur_med,obitos_i60_i64,P05_vs_P50,293.0,336,11.0,10.0,10.662116040955631,10.351190476190476,52589.5,0.13722051080664818,0.31092556476515476,,,,0.32932922593595565,1.0,False,False,False,0.0683711197789696,0.0683711197789696,negligenciável
Metropolitana I,ur_med,obitos_i60_i64,P95_vs_P50,,336,,10.0,,10.351190476190476,48630.5,0.7934569268718104,-0.14641231919388886,293.0,10.0,10.204778156996587,0.9068079164249261,1.0,False,False,False,-0.012057126604908175,0.012057126604908175,negligenciável
Metropolitana II,temp_med,internacoes_i60_i69,P05_vs_P50,293.0,339,5.0,6.0,5.122866894197952,6.657817109144543,34326.0,1.6310520179293362e-11,-1.5349502149465906,,,,7.829049686060814e-10,2.3487149058182443e-09,True,True,True,-0.30882841523452836,0.30882841523452836,pequeno
Metropolitana II,temp_med,internacoes_i60_i69,P95_vs_P50,,339,,6.0,,6.657817109144543,56916.0,0.0014637214598122905,0.7858688976813957,293.0,7.0,7.4436860068259385,0.021077589021296982,0.21077589021296983,True,True,False,0.14603280074904104,0.14603280074904104,negligenciável
Metropolitana II,temp_med,internacoes_i60_i64,P05_vs_P50,293.0,339,4.0,6.0,4.6825938566552905,6.4188790560471976,34344.5,1.696646556395616e-11,-1.736285199391907,,,,6.107927603024218e-10,2.443171041209687e-09,True,True,True,-0.3084559082626073,0.3084559082626073,pequeno
Metropolitana II,temp_med,internacoes_i60_i64,P95_vs_P50,,339,,6.0,,6.4188790560471976,56637.5,0.0022085615964312477,0.7620083159664546,293.0,7.0,7.180887372013652,0.026502739157174975,0.3180328698860997,True,True,False,0.14042506065822988,0.14042506065822988,negligenciável
Metropolitana II,temp_med,obitos_i60_i69,P05_vs_P50,293.0,339,3.0,3.0,3.3276450511945392,3.106194690265487,52721.5,0.17498287065897744,0.22145036092905235,,,,0.3876543596137346,1.0,False,False,False,0.06157439568294623,0.06157439568294623,negligenciável
Metropolitana II,temp_med,obitos_i60_i69,P95_vs_P50,,339,,3.0,,3.106194690265487,45230.0,0.049454753038565974,-0.280256123712586,293.0,3.0,2.825938566552901,0.16561591715240698,1.0,False,False,False,-0.08927079243307459,0.08927079243307459,negligenciável
Metropolitana II,temp_med,obitos_i60_i64,P05_vs_P50,293.0,339,2.0,2.0,2.2081911262798637,1.8525073746312684,56418.5,0.0024742722191615327,0.35568375164859534,,,,0.025449657111375763,0.3562951995592607,True,True,False,0.13601538353116474,0.13601538353116474,negligenciável
Metropolitana II,temp_med,obitos_i60_i64,P95_vs_P50,,339,,2.0,,1.8525073746312684,48764.5,0.6863229980934489,-0.06752443947768483,293.0,2.0,1.7849829351535835,0.8375467095377681,1.0,False,False,False,-0.018101825284162414,0.018101825284162414,negligenciável
Metropolitana II,ur_med,internacoes_i60_i69,P05_vs_P50,293.0,328,8.0,7.0,8.01023890784983,6.984756097560975,54648.0,0.0030078105499084687,1.025482810288855,,,,0.0288749812791213,0.4331247191868195,True,True,False,0.13726795971031383,0.13726795971031383,negligenciável
Metropolitana II,ur_med,internacoes_i60_i69,P95_vs_P50,,328,,7.0,,6.984756097560975,29340.0,2.223058702310014e-17,-2.2568649410983905,294.0,4.0,4.727891156462585,1.6006022656632102e-15,3.2012045313264203e-15,True,True,True,-0.39148830263812845,0.39148830263812845,médio
Metropolitana II,ur_med,internacoes_i60_i64,P05_vs_P50,293.0,328,7.0,6.0,7.535836177474403,6.795731707317073,53995.0,0.007496920164352094,0.7401044701573296,,,,0.056818763350879035,1.0,False,True,False,0.123678514942146,0.123678514942146,negligenciável
Metropolitana II,ur_med,internacoes_i60_i64,P95_vs_P50,,328,,6.0,,6.795731707317073,29105.5,8.905845217207946e-18,-2.2345072175211547,294.0,4.0,4.561224489795919,1.2824417112779443e-15,1.2824417112779443e-15,True,True,True,-0.3963518334162933,0.3963518334162933,médio
Metropolitana II,ur_med,obitos_i60_i69,P05_vs_P50,293.0,328,3.0,3.0,2.83617747440273,3.192073170731707,43608.0,0.04340704181557977,-0.355895696328977,,,,0.14882414336770206,1.0,False,False,False,-0.09248314326146674,0.09248314326146674,negligenciável
Metropolitana II,ur_med,obitos_i60_i69,P95_vs_P50,,328,,3.0,,3.192073170731707,44839.5,0.12568996418848974,-0.249896299983408,294.0,3.0,2.942176870748299,0.3120578421231469,1.0,False,False,False,-0.0700286212045794,0.0700286212045794,negligenciável
Metropolitana II,ur_med,obitos_i60_i64,P05_vs_P50,293.0,328,2.0,2.0,1.8327645051194539,1.9451219512195121,45748.0,0.2897554898373068,-0.11235744610005827,,,,0.5418803965788594,1.0,False,False,False,-0.0479480562723716,0.0479480562723716,negligenciável
Metropolitana II,ur_med,obitos_i60_i64,P95_vs_P50,,328,,2.0,,1.9451219512195121,45865.0,0.28213273489904866,-0.06416957026713122,294.0,2.0,1.880952380952381,0.5416948510061734,1.0,False,False,False,-0.04875974780155965,0.04875974780155965,negligenciável
Noroeste,temp_med,internacoes_i60_i69,P05_vs_P50,293.0,191,1.0,2.0,1.757679180887372,1.7696335078534031,28271.0,0.8430274511844662,-0.011954326966031159,,,,0.919666310383054,1.0,False,False,False,0.010346121544591963,0.010346121544591963,negligenciável
Noroeste,temp_med,internacoes_i60_i69,P95_vs_P50,,191,,2.0,,1.7696335078534031,27696.5,0.7468271846472926,-0.006921643446623493,295.0,2.0,1.7627118644067796,0.8743342649529279,1.0,False,False,False,-0.01689590913124501,0.01689590913124501,negligenciável
Noroeste,temp_med,internacoes_i60_i64,P05_vs_P50,293.0,191,1.0,1.0,1.621160409556314,1.5968586387434556,28855.0,0.5476329191364243,0.024301770812858337,,,,0.7582609649581259,1.0,False,False,False,0.031217054125046904,0.031217054125046904,negligenciável
Noroeste,temp_med,internacoes_i60_i64,P95_vs_P50,,191,,1.0,,1.5968586387434556,28008.0,0.910939144830208,-0.06804507942142157,295.0,1.0,1.528813559322034,0.9505451946054343,1.0,False,False,False,-0.00583902742035673,0.00583902742035673,negligenciável
Noroeste,temp_med,obitos_i60_i69,P05_vs_P50,293.0,191,0.0,0.0,0.6006825938566553,0.5602094240837696,28601.0,0.6404269823259265,0.04047316977288573,,,,0.8019259604776819,1.0,False,False,False,0.022139627968479174,0.022139627968479174,negligenciável
Noroeste,temp_med,obitos_i60_i69,P95_vs_P50,,191,,0.0,,0.5602094240837696,29292.5,0.40396899255241525,0.039790575916230364,295.0,0.0,0.6,0.6536127519949191,1.0,False,False,False,0.03975508030881179,0.03975508030881179,negligenciável
Noroeste,temp_med,obitos_i60_i64,P05_vs_P50,293.0,191,0.0,0.0,0.3447098976109215,0.3612565445026178,27931.5,0.96603533664935,-0.01654664689169627,,,,0.993636346267903,1.0,False,False,False,-0.0017868949127101835,0.0017868949127101835,negligenciável
Noroeste,temp_med,obitos_i60_i64,P95_vs_P50,,191,,0.0,,0.3612565445026178,29307.5,0.3481449199367641,0.008234980921111024,295.0,0.0,0.3694915254237288,0.5897984525987533,1.0,False,False,False,0.040287514420090514,0.040287514420090514,negligenciável
Noroeste,ur_med,internacoes_i60_i69,P05_vs_P50,294.0,299,2.0,2.0,1.7959183673469388,1.8929765886287626,45353.0,0.49118154391919255,-0.09705822128182384,,,,0.7073014232436372,1.0,False,False,False,0.03185220576524924,0.03185220576524924,negligenciável
Noroeste,ur_med,internacoes_i60_i69,P95_vs_P50,,299,,2.0,,1.8929765886287626,44802.5,0.6214334064195015,0.055828872122090534,293.0,2.0,1.9488054607508531,0.8061838785982722,1.0,False,False,False,0.022806396749118222,0.022806396749118222,negligenciável
Noroeste,ur_med,internacoes_i60_i64,P05_vs_P50,294.0,299,1.0,1.0,1.629251700680272,1.5117056856187292,45392.0,0.47765451555650884,0.11754601506154283,,,,0.7090953633003843,1.0,False,False,False,0.0327395172115669,0.0327395172115669,negligenciável
Noroeste,ur_med,internacoes_i60_i64,P95_vs_P50,,299,,1.0,,1.5117056856187292,44065.0,0.8968856382872784,0.051434246121885074,293.0,1.0,1.5631399317406143,0.9427119117764096,1.0,False,False,False,0.005969842592486902,0.005969842592486902,negligenciável
Noroeste,ur_med,obitos_i60_i69,P05_vs_P50,294.0,299,0.0,0.0,0.6496598639455783,0.5652173913043478,45598.0,0.3794151908098885,0.0844424726412305,,,,0.6208612213252721,1.0,False,False,False,0.037426341774167864,0.037426341774167864,negligenciável
Noroeste,ur_med,obitos_i60_i69,P95_vs_P50,,299,,0.0,,0.5652173913043478,44477.0,0.7174234380903266,0.07642083395162491,293.0,0.0,0.6416382252559727,0.8537931825207193,1.0,False,False,False,0.015375483694225348,0.015375483694225348,negligenciável
Noroeste,ur_med,obitos_i60_i64,P05_vs_P50,294.0,299,0.0,0.0,0.40476190476190477,0.3311036789297659,45703.5,0.29878236538294334,0.07365822583213888,,,,0.5515982130146647,1.0,False,False,False,0.03982663299433486,0.03982663299433486,negligenciável
Noroeste,ur_med,obitos_i60_i64,P95_vs_P50,,299,,0.0,,0.3311036789297659,44162.5,0.8282808104359066,0.037497003664090756,293.0,0.0,0.36860068259385664,0.9245925325796166,1.0,False,False,False,0.0081956921250585,0.0081956921250585,negligenciável
Norte,temp_med,internacoes_i60_i69,P05_vs_P50,293.0,249,3.0,2.0,3.061433447098976,2.6345381526104417,41073.0,0.010375751443694202,0.42689529448853447,,,,0.06791400944963479,1.0,False,True,False,0.12595090258645503,0.12595090258645503,negligenciável
Norte,temp_med,internacoes_i60_i69,P95_vs_P50,,249,,2.0,,2.6345381526104417,35539.5,0.5535200839046418,-0.17875583968527176,294.0,2.0,2.45578231292517,0.7519518120968719,1.0,False,False,False,-0.02905499549217277,0.02905499549217277,negligenciável
Norte,temp_med,internacoes_i60_i64,P05_vs_P50,293.0,249,2.0,2.0,2.8532423208191124,2.4698795180722892,40491.5,0.025083518759596874,0.3833628027468232,,,,0.1062360794524103,1.0,False,False,False,0.1100100058938827,0.1100100058938827,negligenciável
Norte,temp_med,internacoes_i60_i64,P95_vs_P50,,249,,2.0,,2.4698795180722892,34828.0,0.3219200705723133,-0.2283829194328333,294.0,2.0,2.241496598639456,0.5723023476841126,1.0,False,False,False,-0.048493292899489115,0.048493292899489115,negligenciável
Norte,temp_med,obitos_i60_i69,P05_vs_P50,293.0,249,1.0,1.0,1.3924914675767919,1.3253012048192772,37701.5,0.48284073736846034,0.06719026275751472,,,,0.7023137998086695,1.0,False,False,False,0.033526597859012845,0.033526597859012845,negligenciável
Norte,temp_med,obitos_i60_i69,P95_vs_P50,,249,,1.0,,1.3253012048192772,36533.0,0.968277217434432,0.021637570690926866,294.0,1.0,1.346938775510204,0.9888788603585689,1.0,False,False,False,-0.0019124115509657677,0.0019124115509657677,negligenciável
Norte,temp_med,obitos_i60_i64,P05_vs_P50,293.0,249,1.0,1.0,0.8327645051194539,0.8353413654618473,36428.0,0.9764025701656375,-0.002576860342393461,,,,0.9901547190412098,1.0,False,False,False,-0.0013843770988390422,0.0013843770988390422,negligenciável
Norte,temp_med,obitos_i60_i64,P95_vs_P50,,249,,1.0,,0.8353413654618473,34121.5,0.14083413618802007,-0.10745020899926228,294.0,1.0,0.7278911564625851,0.3324609116569654,1.0,False,False,False,-0.06779498948173647,0.06779498948173647,negligenciável
Norte,ur_med,internacoes_i60_i69,P05_vs_P50,293.0,289,2.0,2.0,2.7610921501706485,2.6816608996539792,42296.5,0.9834339301176332,0.07943125051666922,,,,0.9903110904681062,1.0,False,False,False,-0.0009920049127862347,0.0009920049127862347,negligenciável
Norte,ur_med,internacoes_i60_i69,P95_vs_P50,,289,,2.0,,2.6816608996539792,41435.5,0.6511554372409019,-0.050261582247836056,293.0,2.0,2.631399317406143,0.8083308876093954,1.0,False,False,False,-0.02132810562490405,0.02132810562490405,negligenciável
Norte,ur_med,internacoes_i60_i64,P05_vs_P50,293.0,289,2.0,2.0,2.5597269624573378,2.463667820069204,42556.5,0.9132097176206886,0.09605914238813362,,,,0.9460589880386989,1.0,False,False,False,0.005148977880652362,0.005148977880652362,negligenciável
Norte,ur_med,internacoes_i60_i64,P95_vs_P50,,289,,2.0,,2.463667820069204,40819.5,0.44560829805581825,-0.04387259822620093,293.0,2.0,2.419795221843003,0.6826339885110407,1.0,False,False,False,-0.03587751101243549,0.03587751101243549,negligenciável
Norte,ur_med,obitos_i60_i69,P05_vs_P50,293.0,289,1.0,1.0,1.3310580204778157,1.439446366782007,39871.5,0.20728331869100924,-0.10838834630419125,,,,0.438952910169196,1.0,False,False,False,-0.05826847904389622,0.05826847904389622,negligenciável
Norte,ur_med,obitos_i60_i69,P95_vs_P50,,289,,1.0,,1.439446366782007,40486.0,0.34344928376520034,-0.09132349988780897,293.0,1.0,1.348122866894198,0.5958638176167331,1.0,False,False,False,-0.04375450240325,0.04375450240325,negligenciável
Norte,ur_med,obitos_i60_i64,P05_vs_P50,293.0,289,0.0,1.0,0.7098976109215017,0.8131487889273357,39197.5,0.09317528865518786,-0.10325117800583394,,,,0.25802387627590484,1.0,False,False,False,-0.07418779597765628,0.07418779597765628,negligenciável
Norte,ur_med,obitos_i60_i64,P95_vs_P50,,289,,1.0,,0.8131487889273357,41793.5,0.7723873682624092,0.009376808342288934,293.0,1.0,0.8225255972696246,0.8969659760466687,1.0,False,False,False,-0.012872444701630903,0.012872444701630903,negligenciável
Serrana,temp_med,internacoes_i60_i69,P05_vs_P50,294.0,237,4.0,3.0,6.006802721088436,6.3924050632911396,36961.5,0.22309944185125774,-0.38560234220270395,,,,0.45894742323687304,1.0,False,False,False,0.060923103418582626,0.060923103418582626,negligenciável
Serrana,temp_med,internacoes_i60_i69,P95_vs_P50,,237,,3.0,,6.3924050632911396,36145.5,0.4119914214307714,-1.3651013090249275,293.0,4.0,5.027303754266212,0.6591862742892343,1.0,False,False,False,0.041042035684969974,0.041042035684969974,negligenciável
Serrana,temp_med,internacoes_i60_i64,P05_vs_P50,294.0,237,3.0,3.0,3.0170068027210886,2.9831223628691985,35165.0,0.8510198953866394,0.03388443985189005,,,,0.907754555079082,1.0,False,False,False,0.009357329429662161,0.009357329429662161,negligenciável
Serrana,temp_med,internacoes_i60_i64,P95_vs_P50,,237,,3.0,,2.9831223628691985,37583.0,0.09810090032188301,0.2762633026598116,293.0,3.0,3.25938566552901,0.2616024008583547,1.0,False,False,False,0.08244408922682565,0.08244408922682565,negligenciável
Serrana,temp_med,obitos_i60_i69,P05_vs_P50,294.0,237,2.0,1.0,1.965986394557823,1.641350210970464,38854.5,0.0191559101072823,0.324636183587359,,,,0.09194836851495504,1.0,False,True,False,0.11525876173254111,0.11525876173254111,negligenciável
Serrana,temp_med,obitos_i60_i69,P95_vs_P50,,237,,1.0,,1.641350210970464,30110.0,0.0066257670513237875,-0.31029219049264833,293.0,1.0,1.3310580204778157,0.0530061364105903,0.9541104553906254,False,True,False,-0.13278898633372216,0.13278898633372216,negligenciável
Serrana,temp_med,obitos_i60_i64,P05_vs_P50,294.0,237,1.0,1.0,1.1734693877551021,0.9789029535864979,39064.0,0.011692966857754979,0.1945664341686042,,,,0.06735148910066868,1.0,False,True,False,0.12127213754700192,0.12127213754700192,negligenciável
Serrana,temp_med,obitos_i60_i64,P95_vs_P50,,237,,1.0,,0.9789029535864979,31272.0,0.03497729300851666,-0.1939200184329143,293.0,1.0,0.7849829351535836,0.12914692803144612,1.0,False,False,False,-0.09932172635762734,0.09932172635762734,negligenciável
Serrana,ur_med,internacoes_i60_i69,P05_vs_P50,293.0,329,4.0,4.0,5.918088737201365,5.091185410334346,51785.0,0.10615674404163863,0.8269033268670185,,,,0.27793765712719937,1.0,False,False,False,0.0744110293888814,0.0744110293888814,negligenciável
Serrana,ur_med,internacoes_i60_i69,P95_vs_P50,,329,,4.0,,5.091185410334346,43378.0,0.029753590465552864,0.6323640777202613,293.0,3.0,5.723549488054608,0.11901436186221145,1.0,False,False,False,-0.10001348589686401,0.10001348589686401,negligenciável
Serrana,ur_med,internacoes_i60_i64,P05_vs_P50,293.0,329,3.0,3.0,3.1808873720136517,3.127659574468085,50282.5,0.34539552958356023,0.05322779754556661,,,,0.592106622143246,1.0,False,False,False,0.04323786009938069,0.04323786009938069,negligenciável
Serrana,ur_med,internacoes_i60_i64,P95_vs_P50,,329,,3.0,,3.127659574468085,40169.5,0.0002702979587166877,-0.636191997676276,293.0,2.0,2.491467576791809,0.004865363256900379,0.03892290605520303,True,True,True,-0.1665819475709825,0.1665819475709825,pequeno
Serrana,ur_med,obitos_i60_i69,P05_vs_P50,293.0,329,2.0,2.0,1.7372013651877134,1.8054711246200608,47340.0,0.6942969795950517,-0.06826975943234737,,,,0.840157689594012,1.0,False,False,False,-0.017811757627312054,0.017811757627312054,negligenciável
Serrana,ur_med,obitos_i60_i69,P95_vs_P50,,329,,2.0,,1.8054711246200608,47764.5,0.8421310436969194,-0.0443789744494123,293.0,2.0,1.7610921501706485,0.9257012999416518,1.0,False,False,False,-0.009004429598431486,0.009004429598431486,negligenciável
Serrana,ur_med,obitos_i60_i64,P05_vs_P50,293.0,329,1.0,1.0,1.0614334470989761,1.1033434650455927,46285.5,0.369195574228548,-0.04191001794661653,,,,0.6110823297575966,1.0,False,False,False,-0.039690031847464134,0.039690031847464134,negligenciável
Serrana,ur_med,obitos_i60_i64,P95_vs_P50,,329,,1.0,,1.1033434650455927,47595.5,0.7770980925523769,-0.00778032511385196,293.0,1.0,1.0955631399317407,0.8952170026203382,1.0,False,False,False,-0.012510762783074163,0.012510762783074163,negligenciável
