macro_regiao,dia_tipo,exposicao,outcome,contrast,mw_U,mw_p,cliffs_delta,mean_diff,fdr_bh,bonferroni,sinal_bh_005,sinal_bh_010,sinal_bonf_005
Baia da Ilha Grande,Util,temp_med,internacoes_i60_i69,P05_vs_P50,28142.5,0.5388894336686262,-0.030321302437763802,-0.020949263502455073,0.7760007844828217,1.0,False,False,False
Baia da Ilha Grande,Util,temp_med,internacoes_i60_i69,P95_vs_P50,27343.5,0.27377493441881195,-0.05382539188207204,-0.09829059829059839,0.525647874084119,1.0,False,False,False
Baia da Ilha Grande,Util,temp_med,internacoes_i60_i64,P05_vs_P50,28337.0,0.6304358349197525,-0.023619605478508054,-0.006615556895512076,0.8105603591825389,1.0,False,False,False
Baia da Ilha Grande,Util,temp_med,internacoes_i60_i64,P95_vs_P50,27451.5,0.30579752717105224,-0.05008823834734766,-0.09694107062528112,0.5574030875016649,1.0,False,False,False
Baia da Ilha Grande,Util,temp_med,obitos_i60_i69,P05_vs_P50,30004.5,0.41208809136467106,0.033835817038504606,0.05338961150831251,0.6743259676876435,1.0,False,False,False
Baia da Ilha Grande,Util,temp_med,obitos_i60_i69,P95_vs_P50,30249.0,0.261362142710735,0.04671441918405481,0.0719748088169141,0.5085966020317005,1.0,False,False,False
Baia da Ilha Grande,Util,temp_med,obitos_i60_i64,P05_vs_P50,31064.5,0.0481800075830296,0.070359204065811,0.08486519080024119,0.20405650270459597,1.0,False,False,False
Baia da Ilha Grande,Util,temp_med,obitos_i60_i64,P95_vs_P50,29485.0,0.5477574221908033,0.020277518253226757,0.04318488529014844,0.7657967844220939,1.0,False,False,False
Baia da Ilha Grande,Util,ur_med,internacoes_i60_i69,P05_vs_P50,35517.5,0.1284381286182908,-0.06880866236694458,-0.15180116407110267,0.3031982052628504,1.0,False,False,False
Baia da Ilha Grande,Util,ur_med,internacoes_i60_i69,P95_vs_P50,39305.5,0.5682842122700631,0.026119305573684897,-0.014267066962537545,0.7720087411970669,1.0,False,False,False
Baia da Ilha Grande,Util,ur_med,internacoes_i60_i64,P05_vs_P50,35384.0,0.10732335961767514,-0.07230874102039746,-0.14425043259399084,0.297203149710485,1.0,False,False,False
Baia da Ilha Grande,Util,ur_med,internacoes_i60_i64,P95_vs_P50,39058.0,0.6655483403653301,0.01965800809293826,-0.01506330766218511,0.826197939763858,1.0,False,False,False
Baia da Ilha Grande,Util,ur_med,obitos_i60_i69,P05_vs_P50,40943.5,0.0472125041985518,0.0734492160872529,0.08848513449740442,0.20601820013913516,1.0,False,False,False
Baia da Ilha Grande,Util,ur_med,obitos_i60_i69,P95_vs_P50,39423.5,0.41760241405618337,0.029199843362485316,0.014671713875473169,0.6756713216189933,1.0,False,False,False
Baia da Ilha Grande,Util,ur_med,obitos_i60_i64,P05_vs_P50,40104.0,0.10002584453791262,0.05143935818782445,0.05416601122122594,0.28807443226918833,1.0,False,False,False
Baia da Ilha Grande,Util,ur_med,obitos_i60_i64,P95_vs_P50,38607.0,0.7908156976353747,0.007884088239133273,-0.002062393943349422,0.8896676598397966,1.0,False,False,False
Baixada Litoranea,Util,temp_med,internacoes_i60_i69,P05_vs_P50,32185.0,0.004570498042419385,0.14618945868945868,0.2991452991452992,0.05484597650903262,0.6581517181083915,False,True,False
Baixada Litoranea,Util,temp_med,internacoes_i60_i69,P95_vs_P50,31786.0,0.010560296174401558,0.131980056980057,0.30341880341880345,0.06912193859608293,1.0,False,True,False
Baixada Litoranea,Util,temp_med,internacoes_i60_i64,P05_vs_P50,32201.5,0.004355259828841164,0.14677706552706551,0.29326923076923084,0.057014310486647964,0.6271574153531276,False,True,False
Baixada Litoranea,Util,temp_med,internacoes_i60_i64,P95_vs_P50,31466.0,0.019187634028769246,0.12058404558404559,0.26762820512820507,0.10233404815343598,1.0,False,False,False
Baixada Litoranea,Util,temp_med,obitos_i60_i69,P05_vs_P50,29686.5,0.2545955638086034,0.05721153846153846,0.09358974358974359,0.5091911276172068,1.0,False,False,False
Baixada Litoranea,Util,temp_med,obitos_i60_i69,P95_vs_P50,27375.0,0.6157646431138614,-0.025106837606837608,-0.04743589743589738,0.8060918964399639,1.0,False,False,False
Baixada Litoranea,Util,temp_med,obitos_i60_i64,P05_vs_P50,29179.0,0.4119988945391423,0.03913817663817664,0.03739316239316237,0.6819292047544424,1.0,False,False,False
Baixada Litoranea,Util,temp_med,obitos_i60_i64,P95_vs_P50,27282.0,0.5452565454743659,-0.02841880341880342,-0.04807692307692313,0.769773946552046,1.0,False,False,False
Baixada Litoranea,Util,ur_med,internacoes_i60_i69,P05_vs_P50,40317.5,0.005059238356484435,0.13727398380863728,0.38317677921638316,0.05203788023812561,0.7285303233337586,False,True,False
Baixada Litoranea,Util,ur_med,internacoes_i60_i69,P95_vs_P50,32012.5,0.046546086237834204,-0.09699303263659699,-0.17237877633917242,0.2094573880702539,1.0,False,False,False
Baixada Litoranea,Util,ur_med,internacoes_i60_i64,P05_vs_P50,39913.5,0.009983596969436357,0.12587797241262588,0.3454345434543453,0.07188189817994177,1.0,False,True,False
Baixada Litoranea,Util,ur_med,internacoes_i60_i64,P95_vs_P50,32203.0,0.0592652036067369,-0.09161941835209161,-0.15456545654565468,0.23065376538838145,1.0,False,False,False
Baixada Litoranea,Util,ur_med,obitos_i60_i69,P05_vs_P50,33940.0,0.3690581787720937,-0.04262221093904262,-0.10527206566810532,0.625227973449194,1.0,False,False,False
Baixada Litoranea,Util,ur_med,obitos_i60_i69,P95_vs_P50,35148.5,0.8578880787647498,-0.008532904572508533,-0.04971651011254974,0.9083520833979705,1.0,False,False,False
Baixada Litoranea,Util,ur_med,obitos_i60_i64,P05_vs_P50,34941.5,0.7486762074917916,-0.014371950015514372,-0.05479394093255474,0.8984114489901499,1.0,False,False,False
Baixada Litoranea,Util,ur_med,obitos_i60_i64,P95_vs_P50,35927.5,0.7657763125339712,0.01344108769851344,-0.0077853939240077885,0.8892886210071923,1.0,False,False,False
Centro-Sul,Util,temp_med,internacoes_i60_i69,P05_vs_P50,18710.0,0.003066248424145155,-0.1627511522799481,-0.41614086902045,0.04415397730769023,0.4415397730769023,True,True,False
Centro-Sul,Util,temp_med,internacoes_i60_i69,P95_vs_P50,21027.5,0.283225146115737,-0.05904595695171611,-0.18537163825121938,0.5366371189561333,1.0,False,False,False
Centro-Sul,Util,temp_med,internacoes_i60_i64,P05_vs_P50,19143.5,0.008988705807692452,-0.14335257528974807,-0.39058934085112096,0.07190964646153962,1.0,False,True,False
Centro-Sul,Util,temp_med,internacoes_i60_i64,P95_vs_P50,21233.0,0.3644457316303191,-0.04985009173490849,-0.1512731015348816,0.6247641113662613,1.0,False,False,False
Centro-Sul,Util,temp_med,obitos_i60_i69,P05_vs_P50,21988.5,0.7549352256121905,-0.016042421801584106,-0.08106233498903659,0.8984353098194664,1.0,False,False,False
Centro-Sul,Util,temp_med,obitos_i60_i69,P95_vs_P50,20605.0,0.12436791647149133,-0.07795229784758581,-0.18789994182664338,0.30354203342194497,1.0,False,False,False
Centro-Sul,Util,temp_med,obitos_i60_i64,P05_vs_P50,22046.0,0.7798001943083606,-0.013469369490311899,-0.022486239763726656,0.8912002220666978,1.0,False,False,False
Centro-Sul,Util,temp_med,obitos_i60_i64,P95_vs_P50,20385.0,0.06032375344781852,-0.0877970197341925,-0.11650333378082067,0.2285952762233123,1.0,False,False,False
Centro-Sul,Util,ur_med,internacoes_i60_i69,P05_vs_P50,32869.0,0.5724830540229271,-0.027918256291958713,-0.10986898530151112,0.7704444839187056,1.0,False,False,False
Centro-Sul,Util,ur_med,internacoes_i60_i69,P95_vs_P50,28345.0,0.0010474493724265724,-0.1617129506402863,-0.2808091562416821,0.018854088703678305,0.15083270962942644,True,True,False
Centro-Sul,Util,ur_med,internacoes_i60_i64,P05_vs_P50,32853.0,0.5651713583200263,-0.028391447076568183,-0.06527075385206871,0.775092148553179,1.0,False,False,False
Centro-Sul,Util,ur_med,internacoes_i60_i64,P95_vs_P50,27805.5,0.0003000538584815478,-0.17766835240883683,-0.3857835743648892,0.006172536517334697,0.04320775562134288,True,True,True
Centro-Sul,Util,ur_med,obitos_i60_i69,P05_vs_P50,34340.0,0.7249104859589806,0.01558572146807441,0.08027977405140041,0.8772026048579261,1.0,False,False,False
Centro-Sul,Util,ur_med,obitos_i60_i69,P95_vs_P50,36720.5,0.056101687934521124,0.08598763789075207,0.135835329606956,0.23081837321631546,1.0,False,False,False
Centro-Sul,Util,ur_med,obitos_i60_i64,P05_vs_P50,34063.5,0.8532888974297828,0.0074083932215420105,0.05080886049744182,0.9101748239251016,1.0,False,False,False
Centro-Sul,Util,ur_med,obitos_i60_i64,P95_vs_P50,36369.0,0.06725645876959509,0.07559222784136278,0.09781740750598883,0.24212325157054232,1.0,False,False,False
Medio Paraiba,Util,temp_med,internacoes_i60_i69,P05_vs_P50,32797.0,0.012696122062658886,0.13030741659773917,0.5990143369175627,0.07617673237595331,1.0,False,True,False
Medio Paraiba,Util,temp_med,internacoes_i60_i69,P95_vs_P50,26769.0,0.11899830888181182,-0.08136582017844887,0.01556280027453738,0.30599565141037327,1.0,False,False,False
Medio Paraiba,Util,temp_med,internacoes_i60_i64,P05_vs_P50,33259.5,0.005016527334264341,0.1462468982630273,0.4842156051833473,0.05556768739492808,0.722379936134065,False,True,False
Medio Paraiba,Util,temp_med,internacoes_i60_i64,P95_vs_P50,26784.0,0.11999654603825179,-0.08085106382978724,-0.3109471516815372,0.3031491689387414,1.0,False,False,False
Medio Paraiba,Util,temp_med,obitos_i60_i69,P05_vs_P50,30387.0,0.3553350600931535,0.047249793217535155,0.12279432037496552,0.6164849235351098,1.0,False,False,False
Medio Paraiba,Util,temp_med,obitos_i60_i69,P95_vs_P50,29275.5,0.9276459349263826,0.004649965682910089,0.02204873026767329,0.9541501044957077,1.0,False,False,False
Medio Paraiba,Util,temp_med,obitos_i60_i64,P05_vs_P50,29861.5,0.5571371596262522,0.029139095671353737,0.04814585056520537,0.7714206825594262,1.0,False,False,False
Medio Paraiba,Util,temp_med,obitos_i60_i64,P95_vs_P50,28889.0,0.8621658162854914,-0.008613589567604668,-0.024176389842141432,0.9062180842708815,1.0,False,False,False
Medio Paraiba,Util,ur_med,internacoes_i60_i69,P05_vs_P50,38730.5,0.8507530281124343,0.009237544298519909,0.7874713362518238,0.9211160605127108,1.0,False,False,False
Medio Paraiba,Util,ur_med,internacoes_i60_i69,P95_vs_P50,36593.5,0.3018933026928593,-0.050505967825635704,-0.14966268811624328,0.5573414818945095,1.0,False,False,False
Medio Paraiba,Util,ur_med,internacoes_i60_i64,P05_vs_P50,37218.5,0.5370743874044456,-0.030162080466958514,-0.11288305190744241,0.7811991089519209,1.0,False,False,False
Medio Paraiba,Util,ur_med,internacoes_i60_i64,P95_vs_P50,36066.0,0.18833290907901123,-0.064193046185781,-0.28069538142189954,0.39304259286054516,1.0,False,False,False
Medio Paraiba,Util,ur_med,obitos_i60_i69,P05_vs_P50,35748.0,0.15243135435763797,-0.06848030018761726,-0.16283614759224507,0.3484145242460296,1.0,False,False,False
Medio Paraiba,Util,ur_med,obitos_i60_i69,P95_vs_P50,37418.0,0.5431919316954252,-0.02911261027503892,-0.0797483134405812,0.7744518630112993,1.0,False,False,False
Medio Paraiba,Util,ur_med,obitos_i60_i64,P05_vs_P50,34013.5,0.014499886944504981,-0.1136778194705024,-0.16851678132165937,0.0835193488003487,1.0,False,True,False
Medio Paraiba,Util,ur_med,obitos_i60_i64,P95_vs_P50,35582.0,0.09888022682948913,-0.07675142708873897,-0.0911390762843799,0.29058678904992724,1.0,False,False,False
Metropolitana I,Util,temp_med,internacoes_i60_i69,P05_vs_P50,36096.5,2.2757143397136614e-06,0.24905706079795148,2.934098065677013,5.461714415312787e-05,0.0003277028649187672,True,True,True
Metropolitana I,Util,temp_med,internacoes_i60_i69,P95_vs_P50,26217.5,0.07820608967026572,-0.09278867780892072,-1.228295096716149,0.25025948694485034,1.0,False,False,False
Metropolitana I,Util,temp_med,internacoes_i60_i64,P05_vs_P50,37101.0,7.117000826034735e-08,0.28381604899823526,3.316689158794425,2.049696237898004e-06,1.0248481189490018e-05,True,True,True
Metropolitana I,Util,temp_med,internacoes_i60_i64,P95_vs_P50,26563.0,0.12487624987350743,-0.08083324682514965,-1.371345029239766,0.29970299969641784,1.0,False,False,False
Metropolitana I,Util,temp_med,obitos_i60_i69,P05_vs_P50,31551.5,0.0810883308793446,0.09178518287830029,0.8130904183535765,0.2538417314483831,1.0,False,False,False
Metropolitana I,Util,temp_med,obitos_i60_i69,P95_vs_P50,30999.5,0.16719704598662177,0.07268417592304231,0.24044084570400415,0.36479355487990206,1.0,False,False,False
Metropolitana I,Util,temp_med,obitos_i60_i64,P05_vs_P50,31768.0,0.05878705106901452,0.0992767915844839,0.6765632028789916,0.2351482042760581,1.0,False,False,False
Metropolitana I,Util,temp_med,obitos_i60_i64,P95_vs_P50,27810.0,0.4733982057868932,-0.03768296480847088,-0.4217273954116063,0.7100973086803397,1.0,False,False,False
Metropolitana I,Util,ur_med,internacoes_i60_i69,P05_vs_P50,37294.0,0.2964289933139459,-0.05133292633292633,-0.4870268620268625,0.5543607147689378,1.0,False,False,False
Metropolitana I,Util,ur_med,internacoes_i60_i69,P95_vs_P50,35810.5,0.06999670588359543,-0.08906949531949532,-0.9528388278388285,0.2399887058866129,1.0,False,False,False
Metropolitana I,Util,ur_med,internacoes_i60_i64,P05_vs_P50,37920.5,0.471560841122607,-0.03539631664631664,-0.4857295482295463,0.7147869591753201,1.0,False,False,False
Metropolitana I,Util,ur_med,internacoes_i60_i64,P95_vs_P50,34619.5,0.01514726675200238,-0.11936558811558812,-1.596840659340657,0.08389255431878241,1.0,False,True,False
Metropolitana I,Util,ur_med,obitos_i60_i69,P05_vs_P50,42634.5,0.08513246631980913,0.08451617826617827,0.692612942612941,0.26083138617133006,1.0,False,False,False
Metropolitana I,Util,ur_med,obitos_i60_i69,P95_vs_P50,36002.5,0.0863671935358876,-0.08418549043549044,-0.7689255189255189,0.2591015806076628,1.0,False,False,False
Metropolitana I,Util,ur_med,obitos_i60_i64,P05_vs_P50,42854.0,0.06599443938827548,0.0900997150997151,0.4479548229548236,0.2436717762028633,1.0,False,False,False
Metropolitana I,Util,ur_med,obitos_i60_i64,P95_vs_P50,38366.5,0.6237907194068931,-0.0240511803011803,-0.18879731379731446,0.8092420143656991,1.0,False,False,False
Metropolitana II,Util,temp_med,internacoes_i60_i69,P05_vs_P50,27413.5,2.6085978234002816e-10,-0.30883947255628674,-1.4655094168368503,1.2521269552321353e-08,3.756380865696406e-08,True,True,True
Metropolitana II,Util,temp_med,internacoes_i60_i69,P95_vs_P50,44736.0,0.008919695931318392,0.12790257923001286,0.7139777626503285,0.07555507141822637,1.0,False,True,False
Metropolitana II,Util,temp_med,internacoes_i60_i64,P05_vs_P50,27552.0,4.0705980494202746e-10,-0.30534755313516376,-1.7222978594660008,1.4654152977912988e-08,5.861661191165195e-08,True,True,True
Metropolitana II,Util,temp_med,internacoes_i60_i64,P95_vs_P50,44640.0,0.010271250975456775,0.1254821874290901,0.7093260721579311,0.07043143526027504,1.0,False,True,False
Metropolitana II,Util,temp_med,obitos_i60_i69,P05_vs_P50,41842.0,0.255857960701413,0.05493785139802839,0.1801300960592993,0.5047061142603214,1.0,False,False,False
Metropolitana II,Util,temp_med,obitos_i60_i69,P95_vs_P50,35378.5,0.025573595930455172,-0.10802259032347528,-0.36687845094924754,0.12698613151674293,1.0,False,False,False
Metropolitana II,Util,temp_med,obitos_i60_i64,P05_vs_P50,44565.0,0.009842295549196956,0.12359125633461916,0.31415929203539816,0.07459423995180851,1.0,False,True,False
Metropolitana II,Util,temp_med,obitos_i60_i64,P95_vs_P50,38608.5,0.5775556387257544,-0.0265864911882611,-0.08755010967400345,0.7700741849676725,1.0,False,False,False
Metropolitana II,Util,ur_med,internacoes_i60_i69,P05_vs_P50,42632.5,0.024309517260863642,0.11091567646445695,0.6947310819262045,0.1250203744844416,1.0,False,False,False
Metropolitana II,Util,ur_med,internacoes_i60_i69,P95_vs_P50,22121.0,3.5636694164368396e-17,-0.4160859465737515,-2.387353500158378,2.5658419798345245e-15,5.131683959669049e-15,True,True,True
Metropolitana II,Util,ur_med,internacoes_i60_i64,P05_vs_P50,42258.5,0.03990581914904236,0.10117000208463624,0.6017041901188245,0.1915479319154033,1.0,False,False,False
Metropolitana II,Util,ur_med,internacoes_i60_i64,P95_vs_P50,21878.5,1.162325570437502e-17,-0.4224870657797487,-2.3671602787456445,1.673748821430003e-15,1.673748821430003e-15,True,True,True
Metropolitana II,Util,ur_med,obitos_i60_i69,P05_vs_P50,33337.0,0.00708780996010127,-0.13130602459870752,-0.4613039399624763,0.0680429756169722,1.0,False,True,False
Metropolitana II,Util,ur_med,obitos_i60_i69,P95_vs_P50,34878.0,0.1045350124034574,-0.07934748178650618,-0.31328529194382826,0.2951576820803503,1.0,False,False,False
Metropolitana II,Util,ur_med,obitos_i60_i64,P05_vs_P50,35791.5,0.16254118649148697,-0.06734677923702313,-0.1502501563477172,0.3600912439196019,1.0,False,False,False
Metropolitana II,Util,ur_med,obitos_i60_i64,P95_vs_P50,35656.0,0.2247101582959803,-0.0588111075915954,-0.11828212437968522,0.45575018020593183,1.0,False,False,False
Noroeste,Util,temp_med,internacoes_i60_i69,P05_vs_P50,21970.5,0.7579771224312462,-0.016847899046851928,-0.09869333691323212,0.8946615215581921,1.0,False,False,False
Noroeste,Util,temp_med,internacoes_i60_i69,P95_vs_P50,22540.5,0.9987093819681803,0.00011092377318306859,0.056637678587274864,0.9987093819681802,1.0,False,False,False
Noroeste,Util,temp_med,internacoes_i60_i64,P05_vs_P50,22649.0,0.8036892904052761,0.013514118226160112,-0.04557658746140425,0.8902404447566136,1.0,False,False,False
Noroeste,Util,temp_med,internacoes_i60_i64,P95_vs_P50,22566.5,0.9818472053026134,0.001264531014286982,-0.05024846925193005,0.9887132696753589,1.0,False,False,False
Noroeste,Util,temp_med,obitos_i60_i69,P05_vs_P50,23196.5,0.4460464089951206,0.03801405110305634,0.06372219984785432,0.6981595966880149,1.0,False,False,False
Noroeste,Util,temp_med,obitos_i60_i69,P95_vs_P50,22865.5,0.769408038383545,0.014531014286981985,0.01606176235690837,0.8863580602178438,1.0,False,False,False
Noroeste,Util,temp_med,obitos_i60_i64,P05_vs_P50,22569.0,0.8214630336934424,0.009934219358303128,-0.0022821855282588177,0.9029822660447001,1.0,False,False,False
Noroeste,Util,temp_med,obitos_i60_i64,P95_vs_P50,22794.5,0.7964957265211352,0.011380779128582838,-0.02227349365516018,0.8891115086747555,1.0,False,False,False
Noroeste,Util,ur_med,internacoes_i60_i69,P05_vs_P50,36466.0,0.4393215969882709,0.037956308261581154,-0.09297658862876257,0.6951902194100111,1.0,False,False,False
Noroeste,Util,ur_med,internacoes_i60_i69,P95_vs_P50,34779.0,0.9557386913849236,0.0027390151078307,0.05960961826778921,0.9691997997142887,1.0,False,False,False
Noroeste,Util,ur_med,internacoes_i60_i64,P05_vs_P50,36289.5,0.5006152692034647,0.032932469935245144,0.1010602718280793,0.7355979465846828,1.0,False,False,False
Noroeste,Util,ur_med,internacoes_i60_i64,P95_vs_P50,33982.0,0.6791005008206183,-0.020239880059970013,-0.0117056856187292,0.8287328145607546,1.0,False,False,False
Noroeste,Util,ur_med,obitos_i60_i69,P05_vs_P50,36325.5,0.45178310135181776,0.03395716217177827,0.07308048103607778,0.6995351246737823,1.0,False,False,False
Noroeste,Util,ur_med,obitos_i60_i69,P95_vs_P50,35122.0,0.7799774439488716,0.012628301233998385,0.08564467766116945,0.8843838734538386,1.0,False,False,False
Noroeste,Util,ur_med,obitos_i60_i64,P05_vs_P50,36269.0,0.42461802600306675,0.032348964633886,0.056130363623425605,0.6793888416049069,1.0,False,False,False
Noroeste,Util,ur_med,obitos_i60_i64,P95_vs_P50,34983.0,0.8302679656779457,0.008620689655172414,0.04389632107023411,0.9057468716486681,1.0,False,False,False
Norte,Util,temp_med,internacoes_i60_i69,P05_vs_P50,31879.0,0.06907934358356796,0.0942573713658051,0.309906291834003,0.24262013356179965,1.0,False,False,False
Norte,Util,temp_med,internacoes_i60_i69,P95_vs_P50,27795.5,0.3343236812052993,-0.049970093138511494,-0.26858070580193116,0.5943532110316432,1.0,False,False,False
Norte,Util,temp_med,internacoes_i60_i64,P05_vs_P50,31526.0,0.11287310509892695,0.08214052792366046,0.2822572340644629,0.30099494693047185,1.0,False,False,False
Norte,Util,temp_med,internacoes_i60_i64,P95_vs_P50,27230.0,0.18001489576280727,-0.0692984704776553,-0.31243270956165103,0.3812080145565331,1.0,False,False,False
Norte,Util,temp_med,obitos_i60_i69,P05_vs_P50,30413.5,0.38364959839586776,0.043953592146363234,0.08922870971063745,0.6423900252209879,1.0,False,False,False
Norte,Util,temp_med,obitos_i60_i69,P95_vs_P50,29532.0,0.8529181449917509,0.009382209689823123,0.05767751858497827,0.9165687528269562,1.0,False,False,False
Norte,Util,temp_med,obitos_i60_i64,P05_vs_P50,28991.0,0.9208838341616893,-0.004874197645281983,-0.014828544949026856,0.9540091519372896,1.0,False,False,False
Norte,Util,temp_med,obitos_i60_i64,P95_vs_P50,27421.0,0.19733357546432362,-0.06277022985559258,-0.09491583354695377,0.4059433552408943,1.0,False,False,False
Norte,Util,ur_med,internacoes_i60_i69,P05_vs_P50,33063.5,0.6582028985736945,-0.02216603081654985,0.0020997841067043055,0.8241844990835827,1.0,False,False,False
Norte,Util,ur_med,internacoes_i60_i69,P95_vs_P50,33057.5,0.6553547819633185,-0.022343477360778397,-0.049182267175346794,0.8351423770152023,1.0,False,False,False
Norte,Util,ur_med,internacoes_i60_i64,P05_vs_P50,33060.5,0.6563602816942751,-0.022254754088664123,0.0106911542897703,0.8290866716138212,1.0,False,False,False
Norte,Util,ur_med,internacoes_i60_i64,P95_vs_P50,32577.0,0.463939998570567,-0.036553988111081535,-0.03204388844527273,0.7107165935549111,1.0,False,False,False
Norte,Util,ur_med,obitos_i60_i69,P05_vs_P50,32164.0,0.3203346453700049,-0.048768225238813474,-0.09329252062816074,0.5766023616660088,1.0,False,False,False
Norte,Util,ur_med,obitos_i60_i69,P95_vs_P50,32912.5,0.5867081999336767,-0.02663176884630172,-0.05910448644012667,0.775100741196784,1.0,False,False,False
Norte,Util,ur_med,obitos_i60_i64,P05_vs_P50,30942.5,0.07014271597902,-0.08489338420134268,-0.12084109661964337,0.23489653723206697,1.0,False,False,False
Norte,Util,ur_med,obitos_i60_i64,P95_vs_P50,34037.5,0.8885224010732015,0.006639458196551622,0.03727856150001474,0.9271538098155145,1.0,False,False,False
Serrana,Util,temp_med,internacoes_i60_i69,P05_vs_P50,30044.5,0.13458357609594718,0.07889397611993895,-0.4094263398868838,0.31258120899703856,1.0,False,False,False
Serrana,Util,temp_med,internacoes_i60_i69,P95_vs_P50,28763.0,0.4798320311216937,0.037289480327455014,-1.200097370983447,0.7123279637270504,1.0,False,False,False
Serrana,Util,temp_med,internacoes_i60_i64,P05_vs_P50,28467.0,0.671773535028173,0.022246162133046053,0.08921806266271659,0.8267981969577514,1.0,False,False,False
Serrana,Util,temp_med,internacoes_i60_i64,P95_vs_P50,29990.5,0.12079918367002207,0.08155721446860688,0.2690143892675536,0.2999152146290203,1.0,False,False,False
Serrana,Util,temp_med,obitos_i60_i69,P05_vs_P50,31513.0,0.011212380845561854,0.1316276146871353,0.37567106562528063,0.07019925398960465,1.0,False,True,False
Serrana,Util,temp_med,obitos_i60_i69,P95_vs_P50,24808.5,0.0414012957336479,-0.105322947095099,-0.25246132208157523,0.19231569631113862,1.0,False,False,False
Serrana,Util,temp_med,obitos_i60_i64,P05_vs_P50,31600.5,0.007877228113618288,0.13476972798276327,0.22109704641350203,0.0708950530225646,1.0,False,True,False
Serrana,Util,temp_med,obitos_i60_i64,P95_vs_P50,25511.5,0.10862858241697976,-0.0799704280716939,-0.16693714162068596,0.2951418088310393,1.0,False,False,False
Serrana,Util,ur_med,internacoes_i60_i69,P05_vs_P50,41437.0,0.1189263887909378,0.07648143818356584,0.8233445041955685,0.31137090883445534,1.0,False,False,False
Serrana,Util,ur_med,internacoes_i60_i69,P95_vs_P50,35143.5,0.07578298077855489,-0.08701582105837424,1.0712077520588164,0.24801702800254324,1.0,False,False,False
Serrana,Util,ur_med,internacoes_i60_i64,P05_vs_P50,41079.5,0.1685938889807227,0.06719403527914167,0.14584469903618835,0.3623510449734936,1.0,False,False,False
Serrana,Util,ur_med,internacoes_i60_i64,P95_vs_P50,32834.0,0.0025491048349008997,-0.1470137427584236,-0.5678305146390255,0.040785677358414395,0.36707109622572953,True,True,False
Serrana,Util,ur_med,obitos_i60_i69,P05_vs_P50,36730.0,0.3419857440321159,-0.04580053516223729,-0.13453095367988976,0.6005603309832279,1.0,False,False,False
Serrana,Util,ur_med,obitos_i60_i69,P95_vs_P50,37930.5,0.7615766129960924,-0.014613046527940146,-0.06615488530382141,0.8916018883856691,1.0,False,False,False
Serrana,Util,ur_med,obitos_i60_i64,P05_vs_P50,35936.5,0.15760046655068705,-0.06641467279765152,-0.08624944795157563,0.3546010497390458,1.0,False,False,False
Serrana,Util,ur_med,obitos_i60_i64,P95_vs_P50,38376.5,0.9488987189662266,-0.0030265243031200478,0.012041150339022755,0.9690880534123165,1.0,False,False,False
