macro_regiao,desfecho,exposicao,lag,estatistica,pvalor
Baia da Ilha Grande,internacoes_i60_i69,temp_med,1,9.671095929856309,0.0018718961765596953
Baia da Ilha Grande,internacoes_i60_i69,temp_med,7,35.060662465470195,1.0894614884571219e-5
Baia da Ilha Grande,internacoes_i60_i69,temp_med,14,49.10341642134647,8.620693361383047e-6
Baia da Ilha Grande,internacoes_i60_i69,temp_med,21,63.43781679085977,3.8021217737549406e-6
Baia da Ilha Grande,internacoes_i60_i69,temp_med,30,83.8531662866982,5.437524542850625e-7
Baia da Ilha Grande,internacoes_i60_i69,ur_med,1,10.012757732938208,0.001554595673741166
Baia da Ilha Grande,internacoes_i60_i69,ur_med,7,38.09056946898414,2.9123717882884037e-6
Baia da Ilha Grande,internacoes_i60_i69,ur_med,14,51.728978081060795,3.1250956638029237e-6
Baia da Ilha Grande,internacoes_i60_i69,ur_med,21,66.52554385505458,1.253009030310892e-6
Baia da Ilha Grande,internacoes_i60_i69,ur_med,30,86.25272122148188,2.401097102255889e-7
Baia da Ilha Grande,obitos_i60_i69,temp_med,1,1.8332753218385465,0.1757411701932584
Baia da Ilha Grande,obitos_i60_i69,temp_med,7,19.846668952006524,0.005910572754515342
Baia da Ilha Grande,obitos_i60_i69,temp_med,14,39.64423718899044,2.8982588190473724e-4
Baia da Ilha Grande,obitos_i60_i69,temp_med,21,48.82755367979106,5.29878059078781e-4
Baia da Ilha Grande,obitos_i60_i69,temp_med,30,61.658130048016275,5.772195845150652e-4
Baia da Ilha Grande,obitos_i60_i69,ur_med,1,1.861814207393199,0.17241556067702346
Baia da Ilha Grande,obitos_i60_i69,ur_med,7,20.427704352639974,0.004716285557459288
Baia da Ilha Grande,obitos_i60_i69,ur_med,14,40.10828662071796,2.4538840176580035e-4
Baia da Ilha Grande,obitos_i60_i69,ur_med,21,48.994663496411974,5.025659858539644e-4
Baia da Ilha Grande,obitos_i60_i69,ur_med,30,61.56025186073939,5.934979627661985e-4
Baia da Ilha Grande,internacoes_i60_i64,temp_med,1,8.17888933347362,0.004238070122199233
Baia da Ilha Grande,internacoes_i60_i64,temp_med,7,32.58429357693136,3.163894328739314e-5
Baia da Ilha Grande,internacoes_i60_i64,temp_med,14,44.950349954562284,4.155736668343124e-5
Baia da Ilha Grande,internacoes_i60_i64,temp_med,21,56.859918078633335,3.769078021564898e-5
Baia da Ilha Grande,internacoes_i60_i64,temp_med,30,77.0024188619716,5.280637116245046e-6
Baia da Ilha Grande,internacoes_i60_i64,ur_med,1,8.362188329842928,0.0038310892795723195
Baia da Ilha Grande,internacoes_i60_i64,ur_med,7,35.66811655909595,8.372965807357247e-6
Baia da Ilha Grande,internacoes_i60_i64,ur_med,14,47.52726114750471,1.5736724848669503e-5
Baia da Ilha Grande,internacoes_i60_i64,ur_med,21,60.71364882148738,9.953481570179612e-6
Baia da Ilha Grande,internacoes_i60_i64,ur_med,30,79.86443564619302,2.0662730971787724e-6
Baia da Ilha Grande,obitos_i60_i64,temp_med,1,4.976264081881492,0.025697418506057668
Baia da Ilha Grande,obitos_i60_i64,temp_med,7,26.639334993688518,3.869363037608542e-4
Baia da Ilha Grande,obitos_i60_i64,temp_med,14,52.71142515742624,2.129979466580778e-6
Baia da Ilha Grande,obitos_i60_i64,temp_med,21,63.65675110818662,3.51664495479298e-6
Baia da Ilha Grande,obitos_i60_i64,temp_med,30,70.76279808619012,3.834544670755502e-5
Baia da Ilha Grande,obitos_i60_i64,ur_med,1,5.171712383177698,0.02295757507204277
Baia da Ilha Grande,obitos_i60_i64,ur_med,7,28.55726995316719,1.7420079393337673e-4
Baia da Ilha Grande,obitos_i60_i64,ur_med,14,53.78030112323945,1.400587896882577e-6
Baia da Ilha Grande,obitos_i60_i64,ur_med,21,64.18718010873373,2.9095033947657e-6
Baia da Ilha Grande,obitos_i60_i64,ur_med,30,71.10312997452628,3.449769942753811e-5
Baia da Ilha Grande,internacoes_i60_i62,temp_med,1,0.22265141214956796,0.6370270592539322
Baia da Ilha Grande,internacoes_i60_i62,temp_med,7,14.827556134097675,0.038274519907843474
Baia da Ilha Grande,internacoes_i60_i62,temp_med,14,23.508654980524756,0.05248016838417946
Baia da Ilha Grande,internacoes_i60_i62,temp_med,21,43.302025600529,0.0028759400464946072
Baia da Ilha Grande,internacoes_i60_i62,temp_med,30,59.19308106212564,0.0011516883115786358
Baia da Ilha Grande,internacoes_i60_i62,ur_med,1,0.6147729533327001,0.43299634777950535
Baia da Ilha Grande,internacoes_i60_i62,ur_med,7,16.692325990026696,0.019491553631050595
Baia da Ilha Grande,internacoes_i60_i62,ur_med,14,24.495331492895854,0.039888994906703834
Baia da Ilha Grande,internacoes_i60_i62,ur_med,21,43.250412965184495,0.0029200630304814235
Baia da Ilha Grande,internacoes_i60_i62,ur_med,30,59.240361557452204,0.001136750061041858
Baia da Ilha Grande,obitos_i60_i62,temp_med,1,4.933228698944978,0.026345050504797518
Baia da Ilha Grande,obitos_i60_i62,temp_med,7,25.53275848645076,6.102108605252621e-4
Baia da Ilha Grande,obitos_i60_i62,temp_med,14,41.61200030686077,1.424216228524955e-4
Baia da Ilha Grande,obitos_i60_i62,temp_med,21,52.495596807579155,1.6235798216124309e-4
Baia da Ilha Grande,obitos_i60_i62,temp_med,30,63.278059346145874,3.626759537526114e-4
Baia da Ilha Grande,obitos_i60_i62,ur_med,1,6.2856047212408725,0.012172253820640022
Baia da Ilha Grande,obitos_i60_i62,ur_med,7,28.28362713532858,1.953300407010472e-4
Baia da Ilha Grande,obitos_i60_i62,ur_med,14,43.58465464362557,6.904422118969578e-5
Baia da Ilha Grande,obitos_i60_i62,ur_med,21,54.280511806983974,8.993359414555258e-5
Baia da Ilha Grande,obitos_i60_i62,ur_med,30,65.4577630402064,1.9161861081939957e-4
Baia da Ilha Grande,internacoes_i63,temp_med,1,6.777815418811018,0.009229778576215986
Baia da Ilha Grande,internacoes_i63,temp_med,7,23.85101176364406,0.0012101175777460282
Baia da Ilha Grande,internacoes_i63,temp_med,14,36.70714289967912,8.169064758278832e-4
Baia da Ilha Grande,internacoes_i63,temp_med,21,58.69188009524611,2.0106539869613194e-5
Baia da Ilha Grande,internacoes_i63,temp_med,30,66.4963733170471,1.4069597647603516e-4
Baia da Ilha Grande,internacoes_i63,ur_med,1,6.066704516986553,0.01377537447297461
Baia da Ilha Grande,internacoes_i63,ur_med,7,23.92399313814811,0.0011749318046198054
Baia da Ilha Grande,internacoes_i63,ur_med,14,36.58655639677762,8.518400000464554e-4
Baia da Ilha Grande,internacoes_i63,ur_med,21,58.69460309896846,2.0087642205512957e-5
Baia da Ilha Grande,internacoes_i63,ur_med,30,67.04280880576702,1.1944452952616924e-4
Baia da Ilha Grande,obitos_i63,temp_med,1,47.10304381282263,6.73505695658605e-12
Baia da Ilha Grande,obitos_i63,temp_med,7,481.44080532040283,0
Baia da Ilha Grande,obitos_i63,temp_med,14,684.5323253742381,0
Baia da Ilha Grande,obitos_i63,temp_med,21,689.4125750681168,0
Baia da Ilha Grande,obitos_i63,temp_med,30,691.4529920676343,0
Baia da Ilha Grande,obitos_i63,ur_med,1,6.251624953274344,0.012407942950918405
Baia da Ilha Grande,obitos_i63,ur_med,7,6.2661931578803785,0.5090339693147088
Baia da Ilha Grande,obitos_i63,ur_med,14,6.267980499416716,0.9592782308425087
Baia da Ilha Grande,obitos_i63,ur_med,21,6.269803025816992,0.9991922931818221
Baia da Ilha Grande,obitos_i63,ur_med,30,6.272155983408794,0.9999988501630077
Baixada Litoranea,internacoes_i60_i69,temp_med,1,2.162540441540603,0.1414107252669955
Baixada Litoranea,internacoes_i60_i69,temp_med,7,13.041042528052495,0.07111468938123533
Baixada Litoranea,internacoes_i60_i69,temp_med,14,32.13855817802107,0.003828257084997011
Baixada Litoranea,internacoes_i60_i69,temp_med,21,55.320224617092634,6.348034243797152e-5
Baixada Litoranea,internacoes_i60_i69,temp_med,30,83.97144888294308,5.224061160324922e-7
Baixada Litoranea,internacoes_i60_i69,ur_med,1,1.9578091233269186,0.16174782270694665
Baixada Litoranea,internacoes_i60_i69,ur_med,7,13.866908519079768,0.053599784506371595
Baixada Litoranea,internacoes_i60_i69,ur_med,14,32.063896859882746,0.003923098786964729
Baixada Litoranea,internacoes_i60_i69,ur_med,21,55.295258277568365,6.401582743786882e-5
Baixada Litoranea,internacoes_i60_i69,ur_med,30,83.63221878161471,5.859501903682229e-7
Baixada Litoranea,obitos_i60_i69,temp_med,1,0.16207641356667987,0.687251964157636
Baixada Litoranea,obitos_i60_i69,temp_med,7,12.503352810532705,0.08517422695125554
Baixada Litoranea,obitos_i60_i69,temp_med,14,28.12835545107194,0.013679957950050725
Baixada Litoranea,obitos_i60_i69,temp_med,21,56.32505163923628,4.520624141857166e-5
Baixada Litoranea,obitos_i60_i69,temp_med,30,80.59761260121392,1.6204047570411717e-6
Baixada Litoranea,obitos_i60_i69,ur_med,1,0.20259207462670537,0.652636683133708
Baixada Litoranea,obitos_i60_i69,ur_med,7,13.435620493324643,0.062179575115203
Baixada Litoranea,obitos_i60_i69,ur_med,14,29.301670473744018,0.00951062645467482
Baixada Litoranea,obitos_i60_i69,ur_med,21,55.36730932934554,6.24823228613236e-5
Baixada Litoranea,obitos_i60_i69,ur_med,30,78.62425528946858,3.1093945219717867e-6
Baixada Litoranea,internacoes_i60_i64,temp_med,1,3.0284490855149624,0.08181618731071061
Baixada Litoranea,internacoes_i60_i64,temp_med,7,11.983215539487848,0.10111218744468553
Baixada Litoranea,internacoes_i60_i64,temp_med,14,35.56641380425254,0.0012112268167177032
Baixada Litoranea,internacoes_i60_i64,temp_med,21,51.835843479614766,2.0148848300827193e-4
Baixada Litoranea,internacoes_i60_i64,temp_med,30,80.90097576298629,1.4649032958891084e-6
Baixada Litoranea,internacoes_i60_i64,ur_med,1,2.6226027036881843,0.10535151171595447
Baixada Litoranea,internacoes_i60_i64,ur_med,7,12.28129294517753,0.09167966888080126
Baixada Litoranea,internacoes_i60_i64,ur_med,14,35.19710671520758,0.0013744296727378202
Baixada Litoranea,internacoes_i60_i64,ur_med,21,52.25791504532912,1.7551911139535026e-4
Baixada Litoranea,internacoes_i60_i64,ur_med,30,82.11217139203039,9.774585976174421e-7
Baixada Litoranea,obitos_i60_i64,temp_med,1,0.1259197728992615,0.7227006481069775
Baixada Litoranea,obitos_i60_i64,temp_med,7,24.37099952026182,9.802598982108224e-4
Baixada Litoranea,obitos_i60_i64,temp_med,14,29.463939677877924,0.009038675913126237
Baixada Litoranea,obitos_i60_i64,temp_med,21,50.85020075790736,2.774904715698856e-4
Baixada Litoranea,obitos_i60_i64,temp_med,30,77.15679503741613,5.022236478136044e-6
Baixada Litoranea,obitos_i60_i64,ur_med,1,0.07035509673787776,0.7908204598538424
Baixada Litoranea,obitos_i60_i64,ur_med,7,25.40687795771547,6.425096630217064e-4
Baixada Litoranea,obitos_i60_i64,ur_med,14,30.29862535004223,0.006940794428953567
Baixada Litoranea,obitos_i60_i64,ur_med,21,51.039132554080815,2.6104074442023784e-4
Baixada Litoranea,obitos_i60_i64,ur_med,30,76.67869928910392,5.865493873824512e-6
Baixada Litoranea,internacoes_i60_i62,temp_med,1,10.420634865741272,0.0012461504832497194
Baixada Litoranea,internacoes_i60_i62,temp_med,7,21.1623531232388,0.0035371457469335343
Baixada Litoranea,internacoes_i60_i62,temp_med,14,37.00334503091589,7.368861337910815e-4
Baixada Litoranea,internacoes_i60_i62,temp_med,21,45.19553934677142,0.001632490097522754
Baixada Litoranea,internacoes_i60_i62,temp_med,30,58.8931564173493,0.0012509038141339524
Baixada Litoranea,internacoes_i60_i62,ur_med,1,10.47571969773628,0.001209536608576256
Baixada Litoranea,internacoes_i60_i62,ur_med,7,22.489012171972945,0.0020911616585639337
Baixada Litoranea,internacoes_i60_i62,ur_med,14,40.299860868721254,2.2904695209602366e-4
Baixada Litoranea,internacoes_i60_i62,ur_med,21,47.96670395022824,6.94861608173003e-4
Baixada Litoranea,internacoes_i60_i62,ur_med,30,59.27135340221461,0.0011270587543393829
Baixada Litoranea,obitos_i60_i62,temp_med,1,0.05005398218230737,0.8229693673768173
Baixada Litoranea,obitos_i60_i62,temp_med,7,20.11885717313152,0.005318595362924561
Baixada Litoranea,obitos_i60_i62,temp_med,14,31.632076935288477,0.004517195636685178
Baixada Litoranea,obitos_i60_i62,temp_med,21,46.01930247054882,0.0012702882360934309
Baixada Litoranea,obitos_i60_i62,temp_med,30,63.49488393123125,3.405924381046921e-4
Baixada Litoranea,obitos_i60_i62,ur_med,1,1.717326464666498e-4,0.989544277158701
Baixada Litoranea,obitos_i60_i62,ur_med,7,0.00120398606814699,0.99999999999954
Baixada Litoranea,obitos_i60_i62,ur_med,14,0.002412314931664416,1
Baixada Litoranea,obitos_i60_i62,ur_med,21,0.003625000520680985,1
Baixada Litoranea,obitos_i60_i62,ur_med,30,0.005190591940218374,1
Baixada Litoranea,obitos_i63,ur_med,1,0.524382260471329,0.46897829731249674
Baixada Litoranea,obitos_i63,ur_med,7,0.525284836836694,0.9993485305964226
Baixada Litoranea,obitos_i63,ur_med,14,0.5265448413081292,0.9999999861787655
Baixada Litoranea,obitos_i63,ur_med,21,0.5278093901212982,0.9999999999999444
Baixada Litoranea,obitos_i63,ur_med,30,0.5294419375759529,1
Centro-Sul,internacoes_i60_i69,temp_med,1,1.878338152286592,0.17052314783036604
Centro-Sul,internacoes_i60_i69,temp_med,7,17.312062043186803,0.015491058826882842
Centro-Sul,internacoes_i60_i69,temp_med,14,31.610863193311356,0.004548489048031179
Centro-Sul,internacoes_i60_i69,temp_med,21,52.733575391295254,1.5014325794571182e-4
Centro-Sul,internacoes_i60_i69,temp_med,30,83.0811227267976,7.057504268770387e-7
Centro-Sul,internacoes_i60_i69,ur_med,1,1.9219272423957219,0.16564435792809107
Centro-Sul,internacoes_i60_i69,ur_med,7,15.994203307657806,0.025169372955376468
Centro-Sul,internacoes_i60_i69,ur_med,14,32.59948891992551,0.003289509745217578
Centro-Sul,internacoes_i60_i69,ur_med,21,53.097413375912,1.3317732005702076e-4
Centro-Sul,internacoes_i60_i69,ur_med,30,84.03475213288465,5.113228298547767e-7
Centro-Sul,obitos_i60_i69,temp_med,1,2.1125745147222297,0.14609335352814556
Centro-Sul,obitos_i60_i69,temp_med,7,20.478903623613405,0.004623041916527182
Centro-Sul,obitos_i60_i69,temp_med,14,44.81572918403436,4.3699655348228283e-5
Centro-Sul,obitos_i60_i69,temp_med,21,56.53687393258475,4.2069382540810274e-5
Centro-Sul,obitos_i60_i69,temp_med,30,75.96136916179795,7.396672966342166e-6
Centro-Sul,obitos_i60_i69,ur_med,1,1.863810621802514,0.17218564336337527
Centro-Sul,obitos_i60_i69,ur_med,7,19.573725543201665,0.00656790194498047
Centro-Sul,obitos_i60_i69,ur_med,14,42.003583382955,1.2346673546581588e-4
Centro-Sul,obitos_i60_i69,ur_med,21,54.026134267116376,9.788860228776564e-5
Centro-Sul,obitos_i60_i69,ur_med,30,73.96278932736216,1.4029879830901315e-5
Centro-Sul,internacoes_i60_i64,temp_med,1,2.4379224140869287,0.11843299208015745
Centro-Sul,internacoes_i60_i64,temp_med,7,19.346465053114827,0.007168552630788083
Centro-Sul,internacoes_i60_i64,temp_med,14,26.38791884195566,0.0230967153507059
Centro-Sul,internacoes_i60_i64,temp_med,21,36.30611870513378,0.020195439647039737
Centro-Sul,internacoes_i60_i64,temp_med,30,45.570161112920104,0.03413332690365389
Centro-Sul,internacoes_i60_i64,ur_med,1,2.7971652896078094,0.0944311257475936
Centro-Sul,internacoes_i60_i64,ur_med,7,18.399543008071397,0.010291681479520642
Centro-Sul,internacoes_i60_i64,ur_med,14,25.91768361185468,0.026517542477258016
Centro-Sul,internacoes_i60_i64,ur_med,21,35.401075202982504,0.025501569986587036
Centro-Sul,internacoes_i60_i64,ur_med,30,45.08169265700227,0.03793137323877527
Centro-Sul,obitos_i60_i64,temp_med,1,1.284601910423241,0.2570451381713561
Centro-Sul,obitos_i60_i64,temp_med,7,23.56695060372779,0.0013571434714001462
Centro-Sul,obitos_i60_i64,temp_med,14,34.56714796169972,0.0017029532281136461
Centro-Sul,obitos_i60_i64,temp_med,21,54.689776910402294,7.843861875156399e-5
Centro-Sul,obitos_i60_i64,temp_med,30,77.83575782763653,4.025345447966622e-6
Centro-Sul,obitos_i60_i64,ur_med,1,1.5104650022370245,0.2190681448696653
Centro-Sul,obitos_i60_i64,ur_med,7,24.031681927352572,0.0011248332702207264
Centro-Sul,obitos_i60_i64,ur_med,14,34.72237457581713,0.0016155999469109616
Centro-Sul,obitos_i60_i64,ur_med,21,53.7326465403147,1.0791975853474689e-4
Centro-Sul,obitos_i60_i64,ur_med,30,76.01705454102084,7.264978411414269e-6
Centro-Sul,internacoes_i60_i62,temp_med,1,1.658986869377451,0.19774017024516943
Centro-Sul,internacoes_i60_i62,temp_med,7,18.697659394757377,0.009189107373400951
Centro-Sul,internacoes_i60_i62,temp_med,14,35.37297642183914,0.0012942247202653023
Centro-Sul,internacoes_i60_i62,temp_med,21,43.333688634478804,0.002849186256860592
Centro-Sul,internacoes_i60_i62,temp_med,30,59.3637517720616,0.0010986312703041845
Centro-Sul,internacoes_i60_i62,ur_med,1,1.542209617656154,0.21428920745145696
Centro-Sul,internacoes_i60_i62,ur_med,7,18.066730166862353,0.01167252946922015
Centro-Sul,internacoes_i60_i62,ur_med,14,34.92320632107492,0.0015089714697406054
Centro-Sul,internacoes_i60_i62,ur_med,21,44.7574727679504,0.0018634315455546835
Centro-Sul,internacoes_i60_i62,ur_med,30,60.86377183538492,7.227260840492189e-4
Centro-Sul,obitos_i60_i62,temp_med,1,0.5685990204703864,0.45081616596824325
Centro-Sul,obitos_i60_i62,temp_med,7,21.101436685408114,0.003622884298831952
Centro-Sul,obitos_i60_i62,temp_med,14,38.34798207097519,4.5960881013895616e-4
Centro-Sul,obitos_i60_i62,temp_med,21,54.89957229192823,7.311473277649139e-5
Centro-Sul,obitos_i60_i62,temp_med,30,78.26746715761435,3.4952841942992308e-6
Centro-Sul,obitos_i60_i62,ur_med,1,0.5242854590488466,0.4690193300226806
Centro-Sul,obitos_i60_i62,ur_med,7,21.388594841551583,0.003235630335260642
Centro-Sul,obitos_i60_i62,ur_med,14,37.85277881490058,5.472940576166652e-4
Centro-Sul,obitos_i60_i62,ur_med,21,55.26779039085796,6.46100576406905e-5
Centro-Sul,obitos_i60_i62,ur_med,30,78.03386594640982,3.7729818320730857e-6
Centro-Sul,internacoes_i63,temp_med,1,6.780627704059407,0.009215247749910227
Centro-Sul,internacoes_i63,temp_med,7,12.00901791239121,0.100262699289834
Centro-Sul,internacoes_i63,temp_med,14,17.948056339841088,0.20915687252119108
Centro-Sul,internacoes_i63,temp_med,21,29.93526849697302,0.093296511473272
Centro-Sul,internacoes_i63,temp_med,30,46.98526235327534,0.02496621271214927
Centro-Sul,internacoes_i63,ur_med,1,5.83365200616989,0.01572245159737029
Centro-Sul,internacoes_i63,ur_med,7,10.861311347069107,0.14478400385130807
Centro-Sul,internacoes_i63,ur_med,14,15.082709574408359,0.37252422830373977
Centro-Sul,internacoes_i63,ur_med,21,25.479031969596253,0.22701325107200487
Centro-Sul,internacoes_i63,ur_med,30,39.694743861250686,0.11091319230444041
Centro-Sul,obitos_i63,ur_med,1,2754.454759299225,0
Centro-Sul,obitos_i63,ur_med,7,3242.6653704910777,0
Centro-Sul,obitos_i63,ur_med,14,3242.84080407979,0
Centro-Sul,obitos_i63,ur_med,21,3242.8515954775326,0
Centro-Sul,obitos_i63,ur_med,30,3242.8828739807927,0
Medio Paraiba,internacoes_i60_i69,temp_med,1,7.554942500296192,0.0059845707711493334
Medio Paraiba,internacoes_i60_i69,temp_med,7,34.04717754745332,1.687798332294932e-5
Medio Paraiba,internacoes_i60_i69,temp_med,14,53.80907776992558,1.3848274696970364e-6
Medio Paraiba,internacoes_i60_i69,temp_med,21,77.39086415129587,2.193447445897334e-8
Medio Paraiba,internacoes_i60_i69,temp_med,30,260.8820198090491,0
Medio Paraiba,internacoes_i60_i69,ur_med,1,7.983035838733799,0.004721769518726271
Medio Paraiba,internacoes_i60_i69,ur_med,7,35.418049289534814,9.332118268257084e-6
Medio Paraiba,internacoes_i60_i69,ur_med,14,54.792695233164295,9.397304653324667e-7
Medio Paraiba,internacoes_i60_i69,ur_med,21,77.5618958126351,2.054986947275239e-8
Medio Paraiba,internacoes_i60_i69,ur_med,30,254.8829395452405,0
Medio Paraiba,obitos_i60_i69,temp_med,1,6.397655072989415,0.011427119863580804
Medio Paraiba,obitos_i60_i69,temp_med,7,25.78528761355403,5.501450792466667e-4
Medio Paraiba,obitos_i60_i69,temp_med,14,43.13465187855208,8.152454432930334e-5
Medio Paraiba,obitos_i60_i69,temp_med,21,74.63119013398045,6.243171690734073e-8
Medio Paraiba,obitos_i60_i69,temp_med,30,93.3907717445211,1.992703579922761e-8
Medio Paraiba,obitos_i60_i69,ur_med,1,6.055944401927437,0.013859561286455047
Medio Paraiba,obitos_i60_i69,ur_med,7,24.597693789151805,8.939788004088678e-4
Medio Paraiba,obitos_i60_i69,ur_med,14,42.251072458334484,1.1278352022592308e-4
Medio Paraiba,obitos_i60_i69,ur_med,21,70.19996916754725,3.263857895063893e-7
Medio Paraiba,obitos_i60_i69,ur_med,30,89.49305821935798,7.836959148299627e-8
Medio Paraiba,internacoes_i60_i64,temp_med,1,0.09046563740348082,0.7635860266584102
Medio Paraiba,internacoes_i60_i64,temp_med,7,12.697027889952674,0.07984345884529842
Medio Paraiba,internacoes_i60_i64,temp_med,14,48.75899443397573,9.837125596545704e-6
Medio Paraiba,internacoes_i60_i64,temp_med,21,63.323243016253485,3.960478218267838e-6
Medio Paraiba,internacoes_i60_i64,temp_med,30,74.34387901772739,1.2426433814272109e-5
Medio Paraiba,internacoes_i60_i64,ur_med,1,0.07878588935009888,0.7789495276717828
Medio Paraiba,internacoes_i60_i64,ur_med,7,14.988669909756604,0.03614491446939816
Medio Paraiba,internacoes_i60_i64,ur_med,14,53.51820757971523,1.5525352423662042e-6
Medio Paraiba,internacoes_i60_i64,ur_med,21,67.8070087977157,7.860580336638279e-7
Medio Paraiba,internacoes_i60_i64,ur_med,30,77.79101604325264,4.084591146646943e-6
Medio Paraiba,obitos_i60_i64,temp_med,1,1.1411571863090328,0.2854079409790896
Medio Paraiba,obitos_i60_i64,temp_med,7,26.38128010477581,4.3044957172289067e-4
Medio Paraiba,obitos_i60_i64,temp_med,14,43.37479696108131,7.461226434024582e-5
Medio Paraiba,obitos_i60_i64,temp_med,21,60.171863015987356,1.2028773014871597e-5
Medio Paraiba,obitos_i60_i64,temp_med,30,69.52795348404634,5.613947650928708e-5
Medio Paraiba,obitos_i60_i64,ur_med,1,0.5558527074075793,0.4559360929469123
Medio Paraiba,obitos_i60_i64,ur_med,7,22.95374388704764,0.0017365128768951354
Medio Paraiba,obitos_i60_i64,ur_med,14,39.48523822838304,3.067841575511432e-4
Medio Paraiba,obitos_i60_i64,ur_med,21,56.14266400182941,4.808934850264457e-5
Medio Paraiba,obitos_i60_i64,ur_med,30,66.46668778875397,1.4194975543435628e-4
Medio Paraiba,internacoes_i60_i62,temp_med,1,0.501604239913346,0.47879607996865015
Medio Paraiba,internacoes_i60_i62,temp_med,7,11.099952007317325,0.1343181964918595
Medio Paraiba,internacoes_i60_i62,temp_med,14,24.901404785651614,0.035553318837708736
Medio Paraiba,internacoes_i60_i62,temp_med,21,42.452554145874004,0.003689549301106987
Medio Paraiba,internacoes_i60_i62,temp_med,30,57.95008034707376,0.0016187359278249103
Medio Paraiba,internacoes_i60_i62,ur_med,1,0.3840369381319934,0.5354506147264373
Medio Paraiba,internacoes_i60_i62,ur_med,7,11.821500861749008,0.10658383325196641
Medio Paraiba,internacoes_i60_i62,ur_med,14,26.49807589551727,0.022356557232284913
Medio Paraiba,internacoes_i60_i62,ur_med,21,46.62063135387354,0.0010559766365957346
Medio Paraiba,internacoes_i60_i62,ur_med,30,61.72410042391935,5.664906279110316e-4
Medio Paraiba,obitos_i60_i62,temp_med,1,4.282482307707327,0.03850707255164465
Medio Paraiba,obitos_i60_i62,temp_med,7,4.2836302592055775,0.7465904160029795
Medio Paraiba,obitos_i60_i62,temp_med,14,4.284974021212191,0.9934932854051473
Medio Paraiba,obitos_i60_i62,temp_med,21,4.286322628259239,0.9999638873777478
Medio Paraiba,obitos_i60_i62,temp_med,30,4.288063695886586,0.9999999903900564
Medio Paraiba,internacoes_i63,temp_med,1,0.45125563942442615,0.5017392736105879
Medio Paraiba,internacoes_i63,temp_med,7,12.195112780548005,0.09432230745242498
Medio Paraiba,internacoes_i63,temp_med,14,29.205073332296962,0.009802504820376035
Medio Paraiba,internacoes_i63,temp_med,21,45.89488638866165,0.0013195648532497994
Medio Paraiba,internacoes_i63,temp_med,30,65.98008679952412,1.641108622250087e-4
Medio Paraiba,internacoes_i63,ur_med,1,0.4923101784430955,0.4828985926525091
Medio Paraiba,internacoes_i63,ur_med,7,12.951457674904917,0.07329998545767968
Medio Paraiba,internacoes_i63,ur_med,14,31.74081142153142,0.004359992461390183
Medio Paraiba,internacoes_i63,ur_med,21,46.45076118517753,0.0011127154140140316
Medio Paraiba,internacoes_i63,ur_med,30,63.14454234149726,3.769540006008931e-4
Metropolitana I,internacoes_i60_i69,temp_med,1,0.00842059737628356,0.9268856957557283
Metropolitana I,internacoes_i60_i69,temp_med,7,2.6724847898229527,0.9135587903954608
Metropolitana I,internacoes_i60_i69,temp_med,14,5.730676669857597,0.9728298390068899
Metropolitana I,internacoes_i60_i69,temp_med,21,9.88567847138247,0.9803582664800016
Metropolitana I,internacoes_i60_i69,temp_med,30,15.27698142009852,0.9880775659498742
Metropolitana I,internacoes_i60_i69,ur_med,1,0.02920076391434216,0.8643163065385024
Metropolitana I,internacoes_i60_i69,ur_med,7,3.596758477529196,0.8248732124763811
Metropolitana I,internacoes_i60_i69,ur_med,14,6.469967031295976,0.9532216614919783
Metropolitana I,internacoes_i60_i69,ur_med,21,11.780244469636358,0.9453612432876692
Metropolitana I,internacoes_i60_i69,ur_med,30,16.63741524817327,0.9766734505293834
Metropolitana I,obitos_i60_i69,temp_med,1,0.7569320395918923,0.3842903415898228
Metropolitana I,obitos_i60_i69,temp_med,7,11.957151142427747,0.10197681094803623
Metropolitana I,obitos_i60_i69,temp_med,14,30.898921914442788,0.005726934654964877
Metropolitana I,obitos_i60_i69,temp_med,21,48.62749185051337,5.644629334978779e-4
Metropolitana I,obitos_i60_i69,temp_med,30,75.10423454101118,9.744317083448806e-6
Metropolitana I,obitos_i60_i69,ur_med,1,0.27374887121542935,0.6008280121061347
Metropolitana I,obitos_i60_i69,ur_med,7,6.3140119207277206,0.5035992031275925
Metropolitana I,obitos_i60_i69,ur_med,14,25.242677410274762,0.0322458506460952
Metropolitana I,obitos_i60_i69,ur_med,21,44.393768473684055,0.0020785782285464016
Metropolitana I,obitos_i60_i69,ur_med,30,74.60206427311718,1.1443399270283372e-5
Metropolitana I,internacoes_i60_i64,temp_med,1,0.35420331429732976,0.55174332589039
Metropolitana I,internacoes_i60_i64,temp_med,7,24.18490962463834,0.0010571334766784624
Metropolitana I,internacoes_i60_i64,temp_med,14,50.166126764039355,5.727228830187947e-6
Metropolitana I,internacoes_i60_i64,temp_med,21,70.39654947881762,3.035097639880746e-7
Metropolitana I,internacoes_i60_i64,temp_med,30,84.28863417653201,4.6915082341225656e-7
Metropolitana I,internacoes_i60_i64,ur_med,1,4.7312502175249196e-5,0.9945118674076242
Metropolitana I,internacoes_i60_i64,ur_med,7,19.321093519935122,0.007238808417826981
Metropolitana I,internacoes_i60_i64,ur_med,14,45.51210570589032,3.367688908606503e-5
Metropolitana I,internacoes_i60_i64,ur_med,21,74.17745228249372,7.406367430462524e-8
Metropolitana I,internacoes_i60_i64,ur_med,30,86.51798123218691,2.1922746107350122e-7
Metropolitana I,obitos_i60_i64,temp_med,1,6.1129835795097005,0.013419241360721701
Metropolitana I,obitos_i60_i64,temp_med,7,26.02041757021464,4.994551234180911e-4
Metropolitana I,obitos_i60_i64,temp_med,14,50.787512590860345,4.50411562069597e-6
Metropolitana I,obitos_i60_i64,temp_med,21,60.61752315874508,1.02941212409835e-5
Metropolitana I,obitos_i60_i64,temp_med,30,76.43198905555874,6.353373212308888e-6
Metropolitana I,obitos_i60_i64,ur_med,1,5.255685906403018,0.021875177695637626
Metropolitana I,obitos_i60_i64,ur_med,7,21.35968627488985,0.0032727183429633877
Metropolitana I,obitos_i60_i64,ur_med,14,47.860776277048195,1.3861693637706729e-5
Metropolitana I,obitos_i60_i64,ur_med,21,57.60066890595261,2.9264318308852566e-5
Metropolitana I,obitos_i60_i64,ur_med,30,75.12678058618845,9.674122721015088e-6
Metropolitana I,internacoes_i60_i62,temp_med,1,0.49673978140323216,0.4809361473935424
Metropolitana I,internacoes_i60_i62,temp_med,7,28.900096611507646,1.5088315342692837e-4
Metropolitana I,internacoes_i60_i62,temp_med,14,63.81151364131131,2.490649619879548e-8
Metropolitana I,internacoes_i60_i62,temp_med,21,70.86917284637745,2.547872778313476e-7
Metropolitana I,internacoes_i60_i62,temp_med,30,91.23561707286461,4.2613556905379824e-8
Metropolitana I,internacoes_i60_i62,ur_med,1,0.5144831445452009,0.4732045507116026
Metropolitana I,internacoes_i60_i62,ur_med,7,28.177485029626364,2.041883654199106e-4
Metropolitana I,internacoes_i60_i62,ur_med,14,62.500812548767165,4.253879282156703e-8
Metropolitana I,internacoes_i60_i62,ur_med,21,70.69817829025608,2.714515060509015e-7
Metropolitana I,internacoes_i60_i62,ur_med,30,89.08930012591061,9.018889313150424e-8
Metropolitana I,internacoes_i63,temp_med,1,0.28720932790186454,0.5920144336427683
Metropolitana I,internacoes_i63,temp_med,7,16.80884226446963,0.01867126783020856
Metropolitana I,internacoes_i63,temp_med,14,26.459109424388892,0.022615835717527677
Metropolitana I,internacoes_i63,temp_med,21,48.88027774191483,5.211098097753775e-4
Metropolitana I,internacoes_i63,temp_med,30,70.14368425707059,4.644402541775783e-5
Metropolitana I,internacoes_i63,ur_med,1,0.1862226064040937,0.6660792828083683
Metropolitana I,internacoes_i63,ur_med,7,15.39525553270374,0.03125369832549196
Metropolitana I,internacoes_i63,ur_med,14,23.799297849688944,0.048444431826420886
Metropolitana I,internacoes_i63,ur_med,21,49.9978335203631,3.650535778005892e-4
Metropolitana I,internacoes_i63,ur_med,30,73.21583740041439,1.7780185288307493e-5
Metropolitana I,obitos_i63,temp_med,1,1.8299358319995802,0.1761351248756614
Metropolitana I,obitos_i63,temp_med,7,1.831043274551026,0.9685971532810802
Metropolitana I,obitos_i63,temp_med,14,1.8323396178437503,0.9999515191708092
Metropolitana I,obitos_i63,temp_med,21,1.8336406352046526,0.9999999853406003
Metropolitana I,obitos_i63,temp_med,30,1.8353202639853654,0.9999999999999107
Metropolitana I,obitos_i63,ur_med,1,0.25526118677532156,0.6133946371208381
Metropolitana I,obitos_i63,ur_med,7,16.018426233722394,0.02494854815088543
Metropolitana I,obitos_i63,ur_med,14,30.22121941923163,0.007114010878366495
Metropolitana I,obitos_i63,ur_med,21,43.75938913266757,0.002511708267557977
Metropolitana I,obitos_i63,ur_med,30,63.73631710240989,3.175272842921295e-4
Metropolitana II,internacoes_i60_i69,temp_med,1,0.3517168593994998,0.5531428629526627
Metropolitana II,internacoes_i60_i69,temp_med,7,14.9876032795298,0.03615864126898849
Metropolitana II,internacoes_i60_i69,temp_med,14,36.96857076408371,7.458715961893292e-4
Metropolitana II,internacoes_i60_i69,temp_med,21,60.875413382537346,9.405034484100128e-6
Metropolitana II,internacoes_i60_i69,temp_med,30,83.12646716040743,6.950450511800099e-7
Metropolitana II,internacoes_i60_i69,ur_med,1,0.5579020011863973,0.45510679536562904
Metropolitana II,internacoes_i60_i69,ur_med,7,15.252857626143479,0.03289133630140517
Metropolitana II,internacoes_i60_i69,ur_med,14,40.81525275996835,1.9017446515168235e-4
Metropolitana II,internacoes_i60_i69,ur_med,21,64.56443266521546,2.54168682467526e-6
Metropolitana II,internacoes_i60_i69,ur_med,30,85.6065886667886,2.995283185924791e-7
Metropolitana II,obitos_i60_i69,temp_med,1,1.3816997559085709,0.23981182916751975
Metropolitana II,obitos_i60_i69,temp_med,7,13.975752138929272,0.05161430959838631
Metropolitana II,obitos_i60_i69,temp_med,14,34.66735978872492,0.0016460535896070105
Metropolitana II,obitos_i60_i69,temp_med,21,48.83486894378541,5.286530425548941e-4
Metropolitana II,obitos_i60_i69,temp_med,30,59.8526164401669,9.592684134532847e-4
Metropolitana II,obitos_i60_i69,ur_med,1,1.526015405133459,0.2167114478359361
Metropolitana II,obitos_i60_i69,ur_med,7,14.398644951921584,0.04452867607938382
Metropolitana II,obitos_i60_i69,ur_med,14,35.500082049523975,0.0012390912400643828
Metropolitana II,obitos_i60_i69,ur_med,21,50.430455860374394,3.1771050706974613e-4
Metropolitana II,obitos_i60_i69,ur_med,30,61.30082279518033,6.388038561767617e-4
Metropolitana II,internacoes_i60_i64,temp_med,1,0.08886655728706239,0.765623068714949
Metropolitana II,internacoes_i60_i64,temp_med,7,18.762284451462833,0.008965538958514596
Metropolitana II,internacoes_i60_i64,temp_med,14,36.09392417057209,0.0010101821911269182
Metropolitana II,internacoes_i60_i64,temp_med,21,56.59075841651227,4.130597076612563e-5
Metropolitana II,internacoes_i60_i64,temp_med,30,76.09699495306879,7.079925069763959e-6
Metropolitana II,internacoes_i60_i64,ur_med,1,0.2495928733288933,0.617361893822874
Metropolitana II,internacoes_i60_i64,ur_med,7,19.33727183873042,0.007193933067440428
Metropolitana II,internacoes_i60_i64,ur_med,14,37.152076886936726,6.996246268680117e-4
Metropolitana II,internacoes_i60_i64,ur_med,21,59.04468031286423,1.779757395570236e-5
Metropolitana II,internacoes_i60_i64,ur_med,30,80.00102221624589,1.974954756622793e-6
Metropolitana II,obitos_i60_i64,temp_med,1,4.581693283825261,0.03231526647659966
Metropolitana II,obitos_i60_i64,temp_med,7,23.35411006380897,0.0014786085536785398
Metropolitana II,obitos_i60_i64,temp_med,14,48.76333737895809,9.820782522207416e-6
Metropolitana II,obitos_i60_i64,temp_med,21,59.41955539586528,1.562874950411519e-5
Metropolitana II,obitos_i60_i64,temp_med,30,72.42678034556192,2.2803139896332425e-5
Metropolitana II,obitos_i60_i64,ur_med,1,4.445573274840254,0.034991840077078895
Metropolitana II,obitos_i60_i64,ur_med,7,23.246377762383045,0.0015440742293816312
Metropolitana II,obitos_i60_i64,ur_med,14,50.19548003920688,5.662705173437033e-6
Metropolitana II,obitos_i60_i64,ur_med,21,61.15551084059443,8.524670825904579e-6
Metropolitana II,obitos_i60_i64,ur_med,30,72.92932404491957,1.9464708182703738e-5
Metropolitana II,internacoes_i60_i62,temp_med,1,0.9365881450195882,0.33315683081451
Metropolitana II,internacoes_i60_i62,temp_med,7,11.681261050668637,0.11154010784605917
Metropolitana II,internacoes_i60_i62,temp_med,14,28.861001250422753,0.010912157130003486
Metropolitana II,internacoes_i60_i62,temp_med,21,42.68275137676526,0.00344976220088955
Metropolitana II,internacoes_i60_i62,temp_med,30,69.04354853354103,6.512451777440642e-5
Metropolitana II,internacoes_i60_i62,ur_med,1,1.1799986523675905,0.27735626990650486
Metropolitana II,internacoes_i60_i62,ur_med,7,11.200917268836816,0.13009205068744212
Metropolitana II,internacoes_i60_i62,ur_med,14,31.0957625964682,0.005374893646578505
Metropolitana II,internacoes_i60_i62,ur_med,21,45.077476311718954,0.0016918823478955236
Metropolitana II,internacoes_i60_i62,ur_med,30,71.43781089217079,3.108181960242984e-5
Metropolitana II,obitos_i60_i62,temp_med,1,4.463067688716442,0.03463524319234368
Metropolitana II,obitos_i60_i62,temp_med,7,23.130248069507243,0.0016178125417068978
Metropolitana II,obitos_i60_i62,temp_med,14,34.05144378593586,0.0020270271593305633
Metropolitana II,obitos_i60_i62,temp_med,21,44.97627602926206,0.001744431427808335
Metropolitana II,obitos_i60_i62,temp_med,30,61.71651447881802,5.677145397602334e-4
Metropolitana II,obitos_i60_i62,ur_med,1,3.917216429161008,0.04779395383877727
Metropolitana II,obitos_i60_i62,ur_med,7,21.88987921008918,0.0026538556320128137
Metropolitana II,obitos_i60_i62,ur_med,14,33.244716409720276,0.0026558288522793294
Metropolitana II,obitos_i60_i62,ur_med,21,43.248351801978245,0.0029218383883634624
Metropolitana II,obitos_i60_i62,ur_med,30,61.08616221498792,6.78782451669524e-4
Metropolitana II,internacoes_i63,temp_med,1,0.28529221970289653,0.5932533030583554
Metropolitana II,internacoes_i63,temp_med,7,7.193710943136784,0.40899344752956845
Metropolitana II,internacoes_i63,temp_med,14,23.428006385042405,0.0536520129853002
Metropolitana II,internacoes_i63,temp_med,21,45.36007687328623,0.0015530366904360493
Metropolitana II,internacoes_i63,temp_med,30,57.36391923152104,0.0018969722397212951
Metropolitana II,internacoes_i63,ur_med,1,0.5506571076399777,0.45804932456922987
Metropolitana II,internacoes_i63,ur_med,7,7.43192463728368,0.38533333155518057
Metropolitana II,internacoes_i63,ur_med,14,23.528572119826574,0.05219430857471696
Metropolitana II,internacoes_i63,ur_med,21,46.36568472367889,0.0011422209187040844
Metropolitana II,internacoes_i63,ur_med,30,58.546224051661454,0.0013758377898333007
Metropolitana II,obitos_i63,temp_med,1,1.0981603026536015,0.2946701957201435
Metropolitana II,obitos_i63,temp_med,7,19.04544047060951,0.008046179299645129
Metropolitana II,obitos_i63,temp_med,14,45.71695205205306,3.118495402998356e-5
Metropolitana II,obitos_i63,temp_med,21,64.28223694606417,2.8121671330483267e-6
Metropolitana II,obitos_i63,temp_med,30,79.76466500413048,2.135584177498373e-6
Metropolitana II,obitos_i63,ur_med,1,0.52373337281237,0.4692534617469335
Metropolitana II,obitos_i63,ur_med,7,16.40127377848296,0.021692732838379802
Metropolitana II,obitos_i63,ur_med,14,43.02719134526966,8.481714973929133e-5
Metropolitana II,obitos_i63,ur_med,21,60.47711250000047,1.0812334129028933e-5
Metropolitana II,obitos_i63,ur_med,30,76.46856544529335,6.278610499177439e-6
Noroeste,internacoes_i60_i69,temp_med,1,0.0315426862128579,0.8590350765644554
Noroeste,internacoes_i60_i69,temp_med,7,13.228935092561683,0.06672303565653503
Noroeste,internacoes_i60_i69,temp_med,14,32.90671426809593,0.002971569584501621
Noroeste,internacoes_i60_i69,temp_med,21,48.71690058549655,5.487456643789024e-4
Noroeste,internacoes_i60_i69,temp_med,30,68.8377654055915,6.935119589157601e-5
Noroeste,internacoes_i60_i69,ur_med,1,0.001585338179554512,0.9682395766714916
Noroeste,internacoes_i60_i69,ur_med,7,9.456650578635438,0.22151079580945976
Noroeste,internacoes_i60_i69,ur_med,14,29.360539745898134,0.009336785040864437
Noroeste,internacoes_i60_i69,ur_med,21,44.48676771234464,0.0020214123786621574
Noroeste,internacoes_i60_i69,ur_med,30,62.26108021325955,4.860065841310046e-4
Noroeste,obitos_i60_i69,temp_med,1,1.0145702507366172,0.3138104324472215
Noroeste,obitos_i60_i69,temp_med,7,15.359695048570172,0.03165532735664878
Noroeste,obitos_i60_i69,temp_med,14,34.63860908612814,0.001662187937583104
Noroeste,obitos_i60_i69,temp_med,21,43.88813306809885,0.002417382437947202
Noroeste,obitos_i60_i69,temp_med,30,53.60756664958089,0.005082811166862822
Noroeste,obitos_i60_i69,ur_med,1,1.224248768407942,0.26852843831525597
Noroeste,obitos_i60_i69,ur_med,7,15.507086542350951,0.030021646697718563
Noroeste,obitos_i60_i69,ur_med,14,34.35938806234833,0.0018270137067214476
Noroeste,obitos_i60_i69,ur_med,21,42.12670986768283,0.004056104338244326
Noroeste,obitos_i60_i69,ur_med,30,51.980911318209444,0.007652736198695775
Noroeste,internacoes_i60_i64,temp_med,1,0.13654935745106214,0.711735805285112
Noroeste,internacoes_i60_i64,temp_med,7,6.504109981028989,0.48226675529445673
Noroeste,internacoes_i60_i64,temp_med,14,35.345486446331115,0.001306456528535449
Noroeste,internacoes_i60_i64,temp_med,21,53.08003201278997,1.339435952805168e-4
Noroeste,internacoes_i60_i64,temp_med,30,72.47074702885932,2.2490061446833742e-5
Noroeste,internacoes_i60_i64,ur_med,1,0.06188583846165928,0.8035397468415796
Noroeste,internacoes_i60_i64,ur_med,7,5.7832175114256295,0.5652778199416542
Noroeste,internacoes_i60_i64,ur_med,14,32.30672390791626,0.0036225962177451887
Noroeste,internacoes_i60_i64,ur_med,21,48.981980446835934,5.045902761273702e-4
Noroeste,internacoes_i60_i64,ur_med,30,70.8258838670528,3.7601976857204455e-5
Noroeste,obitos_i60_i64,temp_med,1,0.5695183228402407,0.4504503855477726
Noroeste,obitos_i60_i64,temp_med,7,7.44278025457547,0.3842764686992255
Noroeste,obitos_i60_i64,temp_med,14,35.402358929885814,0.0012812730651781123
Noroeste,obitos_i60_i64,temp_med,21,42.82611619725152,0.0033079768112493912
Noroeste,obitos_i60_i64,temp_med,30,57.2855913018524,0.0019374245785817035
Noroeste,obitos_i60_i64,ur_med,1,0.5483663943473253,0.45898595377380513
Noroeste,obitos_i60_i64,ur_med,7,5.927047546223671,0.5482930746419377
Noroeste,obitos_i60_i64,ur_med,14,31.419379692423544,0.004840460726298623
Noroeste,obitos_i60_i64,ur_med,21,38.5932411067711,0.010972302647808574
Noroeste,obitos_i60_i64,ur_med,30,54.10855761441068,0.004471035915233457
Noroeste,internacoes_i60_i62,temp_med,1,1.5625940629139687,0.21128580345959236
Noroeste,internacoes_i60_i62,temp_med,7,6.277369804891707,0.507761323736562
Noroeste,internacoes_i60_i62,temp_med,14,39.727620750091056,2.813011226036055e-4
Noroeste,internacoes_i60_i62,temp_med,21,55.40887751849563,6.161396826964705e-5
Noroeste,internacoes_i60_i62,temp_med,30,65.40821381641854,1.9444833257031835e-4
Noroeste,internacoes_i60_i62,ur_med,1,1.5299766991877444,0.21611594181059524
Noroeste,internacoes_i60_i62,ur_med,7,6.199665572629668,0.5166386904814726
Noroeste,internacoes_i60_i62,ur_med,14,36.63840882356906,8.366447662309096e-4
Noroeste,internacoes_i60_i62,ur_med,21,51.852878569429606,2.0037162511432616e-4
Noroeste,internacoes_i60_i62,ur_med,30,62.81614984499534,4.1441166981293076e-4
Noroeste,obitos_i60_i62,ur_med,1,1.7173265232506708e-4,0.9895442769803701
Noroeste,obitos_i60_i62,ur_med,7,0.001203986073992662,0.99999999999954
Noroeste,obitos_i60_i62,ur_med,14,0.0024123149374927757,1
Noroeste,obitos_i60_i62,ur_med,21,0.0036250005264937112,1
Noroeste,obitos_i60_i62,ur_med,30,0.0051905919460125145,1
Noroeste,internacoes_i63,temp_med,1,7.62490304436202,0.005756776443167744
Noroeste,internacoes_i63,temp_med,7,26.279344399803986,4.489320699484489e-4
Noroeste,internacoes_i63,temp_med,14,39.17809297263227,3.4232208931306296e-4
Noroeste,internacoes_i63,temp_med,21,48.70943703774334,5.500413637951063e-4
Noroeste,internacoes_i63,temp_med,30,60.54613462365436,7.902446673361263e-4
Noroeste,internacoes_i63,ur_med,1,8.581607135480498,0.0033957552309851202
Noroeste,internacoes_i63,ur_med,7,26.78754877198155,3.639300414250979e-4
Noroeste,internacoes_i63,ur_med,14,36.868615057351114,7.722947817458969e-4
Noroeste,internacoes_i63,ur_med,21,47.10272495999978,9.096853233349078e-4
Noroeste,internacoes_i63,ur_med,30,59.64745137028492,0.0010155640963044332
Noroeste,obitos_i63,ur_med,1,4985.990807619343,0
Noroeste,obitos_i63,ur_med,7,25355.99683854715,0
Noroeste,obitos_i63,ur_med,14,35274.62459340113,0
Noroeste,obitos_i63,ur_med,21,36360.28398842701,0
Noroeste,obitos_i63,ur_med,30,36373.46320723779,0
Norte,internacoes_i60_i69,temp_med,1,1.1302579597690174,0.2877203222980208
Norte,internacoes_i60_i69,temp_med,7,6.7965590497494635,0.45036516702627916
Norte,internacoes_i60_i69,temp_med,14,24.797266296676128,0.03662238367900028
Norte,internacoes_i60_i69,temp_med,21,33.81778462503338,0.0378997137209689
Norte,internacoes_i60_i69,temp_med,30,35.328333050976894,0.2308899109764193
Norte,internacoes_i60_i69,ur_med,1,2.028642160177827,0.154358462089507
Norte,internacoes_i60_i69,ur_med,7,11.860352194226364,0.1052458021538566
Norte,internacoes_i60_i69,ur_med,14,22.91913694506038,0.06159830509137776
Norte,internacoes_i60_i69,ur_med,21,33.29752904207301,0.04302032881150353
Norte,internacoes_i60_i69,ur_med,30,35.22622995143259,0.23450191084981786
Norte,obitos_i60_i69,temp_med,1,4.667467564127142,0.03073922208258173
Norte,obitos_i60_i69,temp_med,7,13.921818075720015,0.05258949556925385
Norte,obitos_i60_i69,temp_med,14,26.05404765896782,0.025480389309426532
Norte,obitos_i60_i69,temp_med,21,50.55614303775114,3.051094751084227e-4
Norte,obitos_i60_i69,temp_med,30,60.807430171602945,7.342845893758554e-4
Norte,obitos_i60_i69,ur_med,1,4.678788168940674,0.030537283200189003
Norte,obitos_i60_i69,ur_med,7,14.562944274025968,0.04202823004068024
Norte,obitos_i60_i69,ur_med,14,27.681229795532538,0.015678793520141676
Norte,obitos_i60_i69,ur_med,21,52.93918066789991,1.4031336754449786e-4
Norte,obitos_i60_i69,ur_med,30,62.53023076245014,4.49919787266051e-4
Norte,internacoes_i60_i64,temp_med,1,2.4646389616786273,0.11643445358482751
Norte,internacoes_i60_i64,temp_med,7,15.348177466656145,0.03178644610686321
Norte,internacoes_i60_i64,temp_med,14,36.827622092870115,7.833915063717445e-4
Norte,internacoes_i60_i64,temp_med,21,52.331247169022774,1.71351696295452e-4
Norte,internacoes_i60_i64,temp_med,30,69.52100490317042,5.6259403652725304e-5
Norte,internacoes_i60_i64,ur_med,1,2.440417238277902,0.11824477022034607
Norte,internacoes_i60_i64,ur_med,7,15.393998546232263,0.03126781302236925
Norte,internacoes_i60_i64,ur_med,14,37.99327714478607,5.208878473992318e-4
Norte,internacoes_i60_i64,ur_med,21,53.60881205544972,1.1244637299268057e-4
Norte,internacoes_i60_i64,ur_med,30,70.1388822345932,4.6512924224972885e-5
Norte,obitos_i60_i64,temp_med,1,2.4393250432650375,0.11832713006825246
Norte,obitos_i60_i64,temp_med,7,13.431721147334185,0.062262600864331774
Norte,obitos_i60_i64,temp_med,14,23.90013548612184,0.04711063776852842
Norte,obitos_i60_i64,temp_med,21,60.0971611227418,1.2346331872747918e-5
Norte,obitos_i60_i64,temp_med,30,72.35558871368445,2.3319119589526593e-5
Norte,obitos_i60_i64,ur_med,1,2.690999260648042,0.10091650908960303
Norte,obitos_i60_i64,ur_med,7,13.563598192154673,0.05951039126289748
Norte,obitos_i60_i64,ur_med,14,23.390579739588514,0.05420371688709125
Norte,obitos_i60_i64,ur_med,21,62.84303757580097,4.69773942235463e-6
Norte,obitos_i60_i64,ur_med,30,74.57246178956814,1.1552131522929443e-5
Norte,internacoes_i60_i62,temp_med,1,1.2163703931597882,0.2700741417283672
Norte,internacoes_i60_i62,temp_med,7,26.39549865802439,4.279316567208369e-4
Norte,internacoes_i60_i62,temp_med,14,42.12521841322734,1.1809803550377751e-4
Norte,internacoes_i60_i62,temp_med,21,64.52616887116292,2.5768040102791545e-6
Norte,internacoes_i60_i62,temp_med,30,85.09497057932737,3.5665402631224197e-7
Norte,internacoes_i60_i62,ur_med,1,1.083263296453843,0.29796867968588847
Norte,internacoes_i60_i62,ur_med,7,26.781817958171573,3.647940765564295e-4
Norte,internacoes_i60_i62,ur_med,14,42.469379423951274,1.0411437247848099e-4
Norte,internacoes_i60_i62,ur_med,21,63.99983497202933,3.1111416972651185e-6
Norte,internacoes_i60_i62,ur_med,30,84.84816889496366,3.8792206291660136e-7
Norte,obitos_i60_i62,temp_med,1,0.11608532750227456,0.733319674113292
Norte,obitos_i60_i62,temp_med,7,11.880993100673606,0.10454102374721286
Norte,obitos_i60_i62,temp_med,14,31.091247056670078,0.0053827336549099325
Norte,obitos_i60_i62,temp_med,21,60.34045818836597,1.13412182251027e-5
Norte,obitos_i60_i62,temp_med,30,81.98993931401672,1.0183256946572072e-6
Norte,obitos_i60_i62,ur_med,1,0.4631869565571317,0.4961382991898028
Norte,obitos_i60_i62,ur_med,7,10.550678695989596,0.15945440905844666
Norte,obitos_i60_i62,ur_med,14,28.194320437278364,0.01340609091069156
Norte,obitos_i60_i62,ur_med,21,59.08302547593526,1.75628452683263e-5
Norte,obitos_i60_i62,ur_med,30,82.81107507939235,7.729476263484969e-7
Norte,internacoes_i63,temp_med,1,0.05211913304247857,0.8194160157988933
Norte,internacoes_i63,temp_med,7,30.62953688054361,7.27554164379196e-5
Norte,internacoes_i63,temp_med,14,42.973593178876385,8.650771529838952e-5
Norte,internacoes_i63,temp_med,21,55.73056211829765,5.5280708595284445e-5
Norte,internacoes_i63,temp_med,30,74.88527114357878,1.0452466452814946e-5
Norte,internacoes_i63,ur_med,1,0.03509640618833542,0.851393789405247
Norte,internacoes_i63,ur_med,7,31.08034911393135,6.008775832100355e-5
Norte,internacoes_i63,ur_med,14,43.067090421755964,8.357971579053824e-5
Norte,internacoes_i63,ur_med,21,53.688248975038455,1.0952187469559505e-4
Norte,internacoes_i63,ur_med,30,72.57454125225054,2.176750549487405e-5
Serrana,internacoes_i60_i69,temp_med,1,0.28653544661591596,0.592449299821217
Serrana,internacoes_i60_i69,temp_med,7,15.230237792926616,0.03315877348644036
Serrana,internacoes_i60_i69,temp_med,14,24.64763436646736,0.03820962096593461
Serrana,internacoes_i60_i69,temp_med,21,42.53095644482031,0.0036061596597003476
Serrana,internacoes_i60_i69,temp_med,30,60.55978995424165,7.872217171868146e-4
Serrana,internacoes_i60_i69,ur_med,1,0.005108068843742949,0.9430230990184317
Serrana,internacoes_i60_i69,ur_med,7,13.907384668272105,0.052853339824443735
Serrana,internacoes_i60_i69,ur_med,14,22.659098480621232,0.06604790113769843
Serrana,internacoes_i60_i69,ur_med,21,41.27302977375393,0.005186722290479118
Serrana,internacoes_i60_i69,ur_med,30,60.64282346766156,7.690772186398354e-4
Serrana,obitos_i60_i69,temp_med,1,0.010831012658937052,0.9171120909333362
Serrana,obitos_i60_i69,temp_med,7,14.05027377317604,0.05029437625787869
Serrana,obitos_i60_i69,temp_med,14,37.640782359835,5.896142405600324e-4
Serrana,obitos_i60_i69,temp_med,21,50.57167639451572,3.035861702523901e-4
Serrana,obitos_i60_i69,temp_med,30,75.89882173261117,7.5473831389061274e-6
Serrana,obitos_i60_i69,ur_med,1,0.005140617316444471,0.9428421695140002
Serrana,obitos_i60_i69,ur_med,7,14.103662118936892,0.04936804133866446
Serrana,obitos_i60_i69,ur_med,14,35.439850699528805,0.0012649284925621007
Serrana,obitos_i60_i69,ur_med,21,47.92715785939998,7.035240120021324e-4
Serrana,obitos_i60_i69,ur_med,30,73.11427052230863,1.8360379338888677e-5
Serrana,internacoes_i60_i64,temp_med,1,2.5343291985546212,0.11139421782802716
Serrana,internacoes_i60_i64,temp_med,7,34.40198886061769,1.4483023723754762e-5
Serrana,internacoes_i60_i64,temp_med,14,49.13222354956356,8.525939915404734e-6
Serrana,internacoes_i60_i64,temp_med,21,71.314426820267,2.159876041352149e-7
Serrana,internacoes_i60_i64,temp_med,30,88.36094803842052,1.1612031292074221e-7
Serrana,internacoes_i60_i64,ur_med,1,2.8968306579313365,0.0887539002199178
Serrana,internacoes_i60_i64,ur_med,7,35.50667277399232,8.980348246923064e-6
Serrana,internacoes_i60_i64,ur_med,14,50.790471231443725,4.498957661969172e-6
Serrana,internacoes_i60_i64,ur_med,21,75.04783643172208,5.335146324725315e-8
Serrana,internacoes_i60_i64,ur_med,30,90.70100106978164,5.1398493683407764e-8
Serrana,obitos_i60_i64,temp_med,1,0.10365867453379408,0.7474824883367113
Serrana,obitos_i60_i64,temp_med,7,12.942932226904542,0.07351110463150778
Serrana,obitos_i60_i64,temp_med,14,29.830261574717817,0.00805324505276972
Serrana,obitos_i60_i64,temp_med,21,41.955447284655186,0.0042623312228409205
Serrana,obitos_i60_i64,temp_med,30,73.98155695312765,1.3946385761687274e-5
Serrana,obitos_i60_i64,ur_med,1,0.03248603729386831,0.856965072475218
Serrana,obitos_i60_i64,ur_med,7,14.227736523723827,0.04727595686328978
Serrana,obitos_i60_i64,ur_med,14,29.31478206268048,0.009471645735101397
Serrana,obitos_i60_i64,ur_med,21,40.304966858321954,0.006826573593211371
Serrana,obitos_i60_i64,ur_med,30,73.6707667851611,1.5393722392453846e-5
Serrana,internacoes_i60_i62,temp_med,1,4.734592960395732,0.02956184256390082
Serrana,internacoes_i60_i62,temp_med,7,18.466470781657602,0.010033604525546247
Serrana,internacoes_i60_i62,temp_med,14,39.89150939456996,2.6525200242355496e-4
Serrana,internacoes_i60_i62,temp_med,21,61.65472957482848,7.151714838116163e-6
Serrana,internacoes_i60_i62,temp_med,30,81.14780351950284,1.3492788984992288e-6
Serrana,internacoes_i60_i62,ur_med,1,4.484331403060855,0.03420692399331515
Serrana,internacoes_i60_i62,ur_med,7,17.119165910487162,0.016643727812721165
Serrana,internacoes_i60_i62,ur_med,14,38.543558119011536,4.2887964592630556e-4
Serrana,internacoes_i60_i62,ur_med,21,60.64854222486602,1.0182968118166436e-5
Serrana,internacoes_i60_i62,ur_med,30,81.89002099222456,1.0529760255950649e-6
Serrana,internacoes_i63,temp_med,1,2.1186548575639677,0.14551429775950453
Serrana,internacoes_i63,temp_med,7,11.993002095455886,0.10078923338730195
Serrana,internacoes_i63,temp_med,14,33.07465976322117,0.00281043594044339
Serrana,internacoes_i63,temp_med,21,45.64129976934133,0.001425734564519221
Serrana,internacoes_i63,temp_med,30,57.861787872226316,0.0016580079622443566
Serrana,internacoes_i63,ur_med,1,2.149787017045058,0.14258966852009525
Serrana,internacoes_i63,ur_med,7,10.674818220287081,0.15344567721029534
Serrana,internacoes_i63,ur_med,14,28.219549984077783,0.01330270887102425
Serrana,internacoes_i63,ur_med,21,42.693759812323485,0.0034386738450356003
Serrana,internacoes_i63,ur_med,30,56.764653298016746,0.00222803005101202
Serrana,obitos_i63,ur_med,1,53.255492581965285,2.928768338961163e-13
Serrana,obitos_i63,ur_med,7,63.6335175115065,2.828681733291205e-11
Serrana,obitos_i63,ur_med,14,69.19565213961803,2.698314238713806e-9
Serrana,obitos_i63,ur_med,21,72.54817863786575,1.3641126062058362e-7
Serrana,obitos_i63,ur_med,30,75.8389886122143,7.694363618804267e-6
