modelo_id,macro_regiao,desfecho,exposicao,familia,usa_offset_populacional,dispersao_quasipoisson,alerta_convergencia,metodo_p,p_curva_auc,p_curva_fdr,rr_cumulativo_max,auc_excesso_rr_cumulativo
baia_da_ilha_grande_internacoes_i60_i69_temp_med,Baia da Ilha Grande,internacoes_i60_i69,temp_med,quasipoisson,TRUE,1.0438292976113785,FALSE,Quasi-Poisson F test: modelo completo vs. modelo sem crossbasis + Wald global para coeficientes da crossbasis quando a comparacao reduzida nao foi estimavel | NW-HAC(lag=21): p=0.06557,0.01290222694569996,0.04292872787518827,1.5890143511965094,3.1959236722759923
baia_da_ilha_grande_internacoes_i60_i69_ur_med,Baia da Ilha Grande,internacoes_i60_i69,ur_med,quasipoisson,TRUE,1.0449689909260238,FALSE,Quasi-Poisson F test: modelo completo vs. modelo sem crossbasis + Wald global para coeficientes da crossbasis quando a comparacao reduzida nao foi estimavel | NW-HAC(lag=21): p=0.01774,0.02422148703229653,0.05464924804480416,1.8954958824547197,5.501902106244629
baia_da_ilha_grande_obitos_i60_i69_temp_med,Baia da Ilha Grande,obitos_i60_i69,temp_med,quasipoisson,TRUE,0.9855780459731848,FALSE,Quasi-Poisson F test: modelo completo vs. modelo sem crossbasis + Wald global para coeficientes da crossbasis quando a comparacao reduzida nao foi estimavel | NW-HAC(lag=21): p=0.06819,0.08608554670657963,0.13275843347520713,1.66364178448081,3.67467643950385
baia_da_ilha_grande_obitos_i60_i69_ur_med,Baia da Ilha Grande,obitos_i60_i69,ur_med,quasipoisson,TRUE,0.9829886266140101,FALSE,Quasi-Poisson F test: modelo completo vs. modelo sem crossbasis + Wald global para coeficientes da crossbasis quando a comparacao reduzida nao foi estimavel | NW-HAC(lag=21): p=0.3938,0.02476294052030188,0.05464924804480416,1.7765575776247988,13.86095349378702
baia_da_ilha_grande_internacoes_i60_i64_temp_med,Baia da Ilha Grande,internacoes_i60_i64,temp_med,quasipoisson,TRUE,1.0440843178248544,FALSE,Quasi-Poisson F test: modelo completo vs. modelo sem crossbasis + Wald global para coeficientes da crossbasis quando a comparacao reduzida nao foi estimavel | NW-HAC(lag=21): p=0.04778,0.00568755813162252,0.03165249742816015,1.789739502385636,3.709072879659723
baia_da_ilha_grande_internacoes_i60_i64_ur_med,Baia da Ilha Grande,internacoes_i60_i64,ur_med,quasipoisson,TRUE,1.04505072296569,FALSE,Quasi-Poisson F test: modelo completo vs. modelo sem crossbasis + Wald global para coeficientes da crossbasis quando a comparacao reduzida nao foi estimavel | NW-HAC(lag=21): p=0.03852,0.01629502604983796,0.0453426811821578,2.002140459884284,6.029735959563616
baia_da_ilha_grande_obitos_i60_i64_temp_med,Baia da Ilha Grande,obitos_i60_i64,temp_med,quasipoisson,TRUE,1.0078983024044015,FALSE,Quasi-Poisson F test: modelo completo vs. modelo sem crossbasis + Wald global para coeficientes da crossbasis quando a comparacao reduzida nao foi estimavel | NW-HAC(lag=21): p=0.3413,0.05856971039961198,0.09864372277829386,1.742096747785022,3.907731887254307
baia_da_ilha_grande_obitos_i60_i64_ur_med,Baia da Ilha Grande,obitos_i60_i64,ur_med,quasipoisson,TRUE,1.0056052832674596,FALSE,Quasi-Poisson F test: modelo completo vs. modelo sem crossbasis + Wald global para coeficientes da crossbasis quando a comparacao reduzida nao foi estimavel | NW-HAC(lag=21): p=0.1647,0.03758048728077001,0.07179555779012779,2.0373069059494773,18.185748056136028
baia_da_ilha_grande_internacoes_i60_i62_temp_med,Baia da Ilha Grande,internacoes_i60_i62,temp_med,quasipoisson,TRUE,1.0227774913573466,FALSE,Quasi-Poisson F test: modelo completo vs. modelo sem crossbasis + Wald global para coeficientes da crossbasis quando a comparacao reduzida nao foi estimavel | NW-HAC(lag=21): p=0.3929,0.03018956885479132,0.06440441355688817,3.782453790388745,9.87205707537271
baia_da_ilha_grande_internacoes_i60_i62_ur_med,Baia da Ilha Grande,internacoes_i60_i62,ur_med,quasipoisson,TRUE,1.0249914626890277,FALSE,Quasi-Poisson F test: modelo completo vs. modelo sem crossbasis + Wald global para coeficientes da crossbasis quando a comparacao reduzida nao foi estimavel | NW-HAC(lag=21): p=0.6958,0.16465529414306496,0.21288765303345775,1.685616916960351,6.932501738483968
baia_da_ilha_grande_obitos_i60_i62_temp_med,Baia da Ilha Grande,obitos_i60_i62,temp_med,quasipoisson,TRUE,0.9188715897152961,TRUE,Quasi-Poisson F test: modelo completo vs. modelo sem crossbasis + Wald global para coeficientes da crossbasis quando a comparacao reduzida nao foi estimavel | NW-HAC(lag=21): p=0.435,0.32434288329695155,0.35789559536215343,2.1812665955829713,10.221038150125189
baia_da_ilha_grande_obitos_i60_i62_ur_med,Baia da Ilha Grande,obitos_i60_i62,ur_med,quasipoisson,TRUE,0.9109141061279455,TRUE,Quasi-Poisson F test: modelo completo vs. modelo sem crossbasis + Wald global para coeficientes da crossbasis quando a comparacao reduzida nao foi estimavel | NW-HAC(lag=21): p=0.492,0.21112560556237017,0.25494412747154127,4.039977222354718,29.826579362415885
baia_da_ilha_grande_internacoes_i63_temp_med,Baia da Ilha Grande,internacoes_i63,temp_med,quasipoisson,TRUE,0.9610912819729825,TRUE,Quasi-Poisson F test: modelo completo vs. modelo sem crossbasis + Wald global para coeficientes da crossbasis quando a comparacao reduzida nao foi estimavel | NW-HAC(lag=21): p=0.1656,0.0154284688890445,0.0438854226177266,4.208910870909348,14.319834853301677
baia_da_ilha_grande_internacoes_i63_ur_med,Baia da Ilha Grande,internacoes_i63,ur_med,quasipoisson,TRUE,0.9682460982360762,TRUE,Quasi-Poisson F test: modelo completo vs. modelo sem crossbasis + Wald global para coeficientes da crossbasis quando a comparacao reduzida nao foi estimavel | NW-HAC(lag=21): p=0.3523,0.1604810389509229,0.20960788760936863,2.7186301658961476,15.45108816634399
baia_da_ilha_grande_obitos_i63_temp_med,Baia da Ilha Grande,obitos_i63,temp_med,quasipoisson,TRUE,1.3172348724715827e-10,TRUE,Quasi-Poisson F test: modelo completo vs. modelo sem crossbasis + Wald global para coeficientes da crossbasis quando a comparacao reduzida nao foi estimavel | NW-HAC(lag=21): p=0,0,0,4713142397913213e274,3.8050928484140904e+288
baia_da_ilha_grande_obitos_i63_ur_med,Baia da Ilha Grande,obitos_i63,ur_med,quasipoisson,TRUE,7.790884480546139e-4,TRUE,Quasi-Poisson F test: modelo completo vs. modelo sem crossbasis + Wald global para coeficientes da crossbasis quando a comparacao reduzida nao foi estimavel | NW-HAC(lag=21): p=0.9999,0.9889230551905464,0.9967098509007082,Inf,31733532010398344e289
baixada_litoranea_internacoes_i60_i69_temp_med,Baixada Litoranea,internacoes_i60_i69,temp_med,quasipoisson,TRUE,1.0311421293369818,FALSE,Quasi-Poisson F test: modelo completo vs. modelo sem crossbasis + Wald global para coeficientes da crossbasis quando a comparacao reduzida nao foi estimavel | NW-HAC(lag=21): p=0.371,0.02913171101934007,0.06320100017755136,1.4534389592819557,1.3048028669953593
baixada_litoranea_internacoes_i60_i69_ur_med,Baixada Litoranea,internacoes_i60_i69,ur_med,quasipoisson,TRUE,1.03098270961832,FALSE,Quasi-Poisson F test: modelo completo vs. modelo sem crossbasis + Wald global para coeficientes da crossbasis quando a comparacao reduzida nao foi estimavel | NW-HAC(lag=21): p=0.1993,0.01417511881300121,0.04292872787518827,1.3683040794195132,5.001444483244934
baixada_litoranea_obitos_i60_i69_temp_med,Baixada Litoranea,obitos_i60_i69,temp_med,quasipoisson,TRUE,1.0419370401818926,FALSE,Quasi-Poisson F test: modelo completo vs. modelo sem crossbasis + Wald global para coeficientes da crossbasis quando a comparacao reduzida nao foi estimavel | NW-HAC(lag=21): p=0.1563,0.02271920183300855,0.05464924804480416,1.4616644996164403,1.2840578596263224
baixada_litoranea_obitos_i60_i69_ur_med,Baixada Litoranea,obitos_i60_i69,ur_med,quasipoisson,TRUE,1.0402712994403807,FALSE,Quasi-Poisson F test: modelo completo vs. modelo sem crossbasis + Wald global para coeficientes da crossbasis quando a comparacao reduzida nao foi estimavel | NW-HAC(lag=21): p=0.07525,0.0216583213650348,0.05435813989655793,1.6113177718397702,7.492005512871421
baixada_litoranea_internacoes_i60_i64_temp_med,Baixada Litoranea,internacoes_i60_i64,temp_med,quasipoisson,TRUE,1.0282367021463898,FALSE,Quasi-Poisson F test: modelo completo vs. modelo sem crossbasis + Wald global para coeficientes da crossbasis quando a comparacao reduzida nao foi estimavel | NW-HAC(lag=21): p=0.1919,0.01933115860260358,0.049706128215689,1.5069870922629902,1.3263460158757556
baixada_litoranea_internacoes_i60_i64_ur_med,Baixada Litoranea,internacoes_i60_i64,ur_med,quasipoisson,TRUE,1.0278120530324795,FALSE,Quasi-Poisson F test: modelo completo vs. modelo sem crossbasis + Wald global para coeficientes da crossbasis quando a comparacao reduzida nao foi estimavel | NW-HAC(lag=21): p=0.2885,0.02233369363746618,0.05464924804480416,1.4089543320807785,5.518153395682611
baixada_litoranea_obitos_i60_i64_temp_med,Baixada Litoranea,obitos_i60_i64,temp_med,quasipoisson,TRUE,1.064578656809948,FALSE,Quasi-Poisson F test: modelo completo vs. modelo sem crossbasis + Wald global para coeficientes da crossbasis quando a comparacao reduzida nao foi estimavel | NW-HAC(lag=21): p=0.4965,0.22157865140814,0.2641667567836532,1.5213739427794206,2.1418302732569297
baixada_litoranea_obitos_i60_i64_ur_med,Baixada Litoranea,obitos_i60_i64,ur_med,quasipoisson,TRUE,1.0609955806982059,FALSE,Quasi-Poisson F test: modelo completo vs. modelo sem crossbasis + Wald global para coeficientes da crossbasis quando a comparacao reduzida nao foi estimavel | NW-HAC(lag=21): p=0.01304,0.00821287459746796,0.04043261340291921,2.267996480623239,11.710462625293498
baixada_litoranea_internacoes_i60_i62_temp_med,Baixada Litoranea,internacoes_i60_i62,temp_med,quasipoisson,TRUE,1.0280787706336614,FALSE,Quasi-Poisson F test: modelo completo vs. modelo sem crossbasis + Wald global para coeficientes da crossbasis quando a comparacao reduzida nao foi estimavel | NW-HAC(lag=21): p=0.2046,0.34489318157667564,0.37412141730351256,1.5437432727838336,2.3853788306939836
baixada_litoranea_internacoes_i60_i62_ur_med,Baixada Litoranea,internacoes_i60_i62,ur_med,quasipoisson,TRUE,1.0283323555674,FALSE,Quasi-Poisson F test: modelo completo vs. modelo sem crossbasis + Wald global para coeficientes da crossbasis quando a comparacao reduzida nao foi estimavel | NW-HAC(lag=21): p=0.1579,0.27149582140501377,0.30753508973311294,1.7947740541554094,6.5221397111946295
baixada_litoranea_obitos_i60_i62_temp_med,Baixada Litoranea,obitos_i60_i62,temp_med,quasipoisson,TRUE,0.9709453392666045,TRUE,Quasi-Poisson F test: modelo completo vs. modelo sem crossbasis + Wald global para coeficientes da crossbasis quando a comparacao reduzida nao foi estimavel | NW-HAC(lag=21): p=0.147,0.04227568853595077,0.0784244656898797,3.2281746048218567,7.959753790813691
baixada_litoranea_obitos_i60_i62_ur_med,Baixada Litoranea,obitos_i60_i62,ur_med,quasipoisson,TRUE,8899990923216202e5,TRUE,Quasi-Poisson F test: modelo completo vs. modelo sem crossbasis + Wald global para coeficientes da crossbasis quando a comparacao reduzida nao foi estimavel | NW-HAC(lag=21): p=0.1715,0.0240540878478248,0.05464924804480416,3.2294167380128465,14.89349991837239
baixada_litoranea_obitos_i63_ur_med,Baixada Litoranea,obitos_i63,ur_med,quasipoisson,TRUE,18035716659494612,TRUE,Quasi-Poisson F test: modelo completo vs. modelo sem crossbasis + Wald global para coeficientes da crossbasis quando a comparacao reduzida nao foi estimavel | NW-HAC(lag=21): p=1,1,1,4963969965927.712,23999450314261.09
centro_sul_internacoes_i60_i69_temp_med,Centro-Sul,internacoes_i60_i69,temp_med,quasipoisson,TRUE,1.46409470561819,FALSE,Quasi-Poisson F test: modelo completo vs. modelo sem crossbasis + Wald global para coeficientes da crossbasis quando a comparacao reduzida nao foi estimavel | NW-HAC(lag=21): p=0.719,0.05623636008752931,0.09597672121605004,1.3145171735862156,3.774588149069565
centro_sul_internacoes_i60_i69_ur_med,Centro-Sul,internacoes_i60_i69,ur_med,quasipoisson,TRUE,1.4647109610189148,FALSE,Quasi-Poisson F test: modelo completo vs. modelo sem crossbasis + Wald global para coeficientes da crossbasis quando a comparacao reduzida nao foi estimavel | NW-HAC(lag=21): p=0.1435,0.125813147806049,0.17504437955624208,1.4261933964332,10.482086769220762
centro_sul_obitos_i60_i69_temp_med,Centro-Sul,obitos_i60_i69,temp_med,quasipoisson,TRUE,1.0088431564074682,FALSE,Quasi-Poisson F test: modelo completo vs. modelo sem crossbasis + Wald global para coeficientes da crossbasis quando a comparacao reduzida nao foi estimavel | NW-HAC(lag=21): p=0.08033,0.0124721637546155,0.04292872787518827,1.864373930731188,9.061872831949056
centro_sul_obitos_i60_i69_ur_med,Centro-Sul,obitos_i60_i69,ur_med,quasipoisson,TRUE,1.0108068226787503,FALSE,Quasi-Poisson F test: modelo completo vs. modelo sem crossbasis + Wald global para coeficientes da crossbasis quando a comparacao reduzida nao foi estimavel | NW-HAC(lag=21): p=0.1841,0.4092575793419907,0.43293363765103154,1.2442732713006075,9.635681724344105
centro_sul_internacoes_i60_i64_temp_med,Centro-Sul,internacoes_i60_i64,temp_med,quasipoisson,TRUE,1.0276422101867846,FALSE,Quasi-Poisson F test: modelo completo vs. modelo sem crossbasis + Wald global para coeficientes da crossbasis quando a comparacao reduzida nao foi estimavel | NW-HAC(lag=21): p=0.9025,0.128946383521488,0.1774745923736609,1.2080808239122938,2.2614799397932113
centro_sul_internacoes_i60_i64_ur_med,Centro-Sul,internacoes_i60_i64,ur_med,quasipoisson,TRUE,1.0259590693928284,FALSE,Quasi-Poisson F test: modelo completo vs. modelo sem crossbasis + Wald global para coeficientes da crossbasis quando a comparacao reduzida nao foi estimavel | NW-HAC(lag=21): p=0.1094,0.07608434747766524,0.1232759047739386,1.4425235386658597,10.914335262122089
centro_sul_obitos_i60_i64_temp_med,Centro-Sul,obitos_i60_i64,temp_med,quasipoisson,TRUE,1.0026250625941622,FALSE,Quasi-Poisson F test: modelo completo vs. modelo sem crossbasis + Wald global para coeficientes da crossbasis quando a comparacao reduzida nao foi estimavel | NW-HAC(lag=21): p=0.4889,0.11973491827544948,0.17195414717653698,1.8343169513067077,6.155204422684858
centro_sul_obitos_i60_i64_ur_med,Centro-Sul,obitos_i60_i64,ur_med,quasipoisson,TRUE,1.001518223850007,FALSE,Quasi-Poisson F test: modelo completo vs. modelo sem crossbasis + Wald global para coeficientes da crossbasis quando a comparacao reduzida nao foi estimavel | NW-HAC(lag=21): p=0.1035,0.31740564420682504,0.35328628224759656,1.41587036970085,10.329763916209243
centro_sul_internacoes_i60_i62_temp_med,Centro-Sul,internacoes_i60_i62,temp_med,quasipoisson,TRUE,0.9803197194304109,FALSE,Quasi-Poisson F test: modelo completo vs. modelo sem crossbasis + Wald global para coeficientes da crossbasis quando a comparacao reduzida nao foi estimavel | NW-HAC(lag=21): p=0.2182,0.09196215417888044,0.1401328063678178,1.702981584434303,6.50320266704832
centro_sul_internacoes_i60_i62_ur_med,Centro-Sul,internacoes_i60_i62,ur_med,quasipoisson,TRUE,0.9889975790659465,FALSE,Quasi-Poisson F test: modelo completo vs. modelo sem crossbasis + Wald global para coeficientes da crossbasis quando a comparacao reduzida nao foi estimavel | NW-HAC(lag=21): p=0.8707,0.2228907010362074,0.2641667567836532,1.666799325079696,17.248013217834888
centro_sul_obitos_i60_i62_temp_med,Centro-Sul,obitos_i60_i62,temp_med,quasipoisson,TRUE,0.9272055915285975,TRUE,Quasi-Poisson F test: modelo completo vs. modelo sem crossbasis + Wald global para coeficientes da crossbasis quando a comparacao reduzida nao foi estimavel | NW-HAC(lag=21): p=0.1695,0.2316202008483321,0.2695216882598773,1.9842437248683384,4.719225253998917
centro_sul_obitos_i60_i62_ur_med,Centro-Sul,obitos_i60_i62,ur_med,quasipoisson,TRUE,0.9304399666058195,TRUE,Quasi-Poisson F test: modelo completo vs. modelo sem crossbasis + Wald global para coeficientes da crossbasis quando a comparacao reduzida nao foi estimavel | NW-HAC(lag=21): p=0.6794,0.09793118336441968,0.14575804035634554,2.2681224495707175,35.49574953098161
centro_sul_internacoes_i63_temp_med,Centro-Sul,internacoes_i63,temp_med,quasipoisson,TRUE,0.9269707887049068,FALSE,Quasi-Poisson F test: modelo completo vs. modelo sem crossbasis + Wald global para coeficientes da crossbasis quando a comparacao reduzida nao foi estimavel | NW-HAC(lag=21): p=0.3019,0.00711998311125638,0.03645431352963267,10.3551949741084,47.87317059666339
centro_sul_internacoes_i63_ur_med,Centro-Sul,internacoes_i63,ur_med,quasipoisson,TRUE,0.9984431083036789,FALSE,Quasi-Poisson F test: modelo completo vs. modelo sem crossbasis + Wald global para coeficientes da crossbasis quando a comparacao reduzida nao foi estimavel | NW-HAC(lag=21): p=0.04992,0.06986842619446593,0.11614491627132,9.799056262525204,203.15991941133967
centro_sul_obitos_i63_ur_med,Centro-Sul,obitos_i63,ur_med,quasipoisson,TRUE,149276746.81316033,TRUE,Quasi-Poisson F test: modelo completo vs. modelo sem crossbasis + Wald global para coeficientes da crossbasis quando a comparacao reduzida nao foi estimavel | NW-HAC(lag=21): p=2.82e-09,0.9647229932347589,0.9800360566194374,3107653062834366.5,15860363781089494
medio_paraiba_internacoes_i60_i69_temp_med,Medio Paraiba,internacoes_i60_i69,temp_med,negative_binomial,TRUE,5.853062361993612,FALSE,Negative binomial likelihood-ratio test: modelo completo vs. modelo sem crossbasis | NW-HAC(lag=21): p=0.1721,0.0145304554090816,0.04292872787518827,1.358852831359736,2.6174860515495486
medio_paraiba_internacoes_i60_i69_ur_med,Medio Paraiba,internacoes_i60_i69,ur_med,negative_binomial,TRUE,5.860530822479498,FALSE,Negative binomial likelihood-ratio test: modelo completo vs. modelo sem crossbasis | NW-HAC(lag=21): p=0.03037,0.00167850001000238,0.01270614787349262,1.6471735242567989,16.78839856323454
medio_paraiba_obitos_i60_i69_temp_med,Medio Paraiba,obitos_i60_i69,temp_med,quasipoisson,TRUE,0.9853589614171917,FALSE,Quasi-Poisson F test: modelo completo vs. modelo sem crossbasis + Wald global para coeficientes da crossbasis quando a comparacao reduzida nao foi estimavel | NW-HAC(lag=21): p=0.01622,0.00448989425013099,0.02736697447698891,1.392623042250552,1.799832282719383
medio_paraiba_obitos_i60_i69_ur_med,Medio Paraiba,obitos_i60_i69,ur_med,quasipoisson,TRUE,0.9843950405936606,FALSE,Quasi-Poisson F test: modelo completo vs. modelo sem crossbasis + Wald global para coeficientes da crossbasis quando a comparacao reduzida nao foi estimavel | NW-HAC(lag=21): p=3.548e-05,0.00236063797135696,0.01590324528072061,1.570803821407411,5.971608772056327
medio_paraiba_internacoes_i60_i64_temp_med,Medio Paraiba,internacoes_i60_i64,temp_med,quasipoisson,TRUE,1.0278624256543847,FALSE,Quasi-Poisson F test: modelo completo vs. modelo sem crossbasis + Wald global para coeficientes da crossbasis quando a comparacao reduzida nao foi estimavel | NW-HAC(lag=21): p=0.006567,0.01130139746132609,0.04292872787518827,1.3268693593083918,2.8076052930115463
medio_paraiba_internacoes_i60_i64_ur_med,Medio Paraiba,internacoes_i60_i64,ur_med,quasipoisson,TRUE,1.0275314124602442,FALSE,Quasi-Poisson F test: modelo completo vs. modelo sem crossbasis + Wald global para coeficientes da crossbasis quando a comparacao reduzida nao foi estimavel | NW-HAC(lag=21): p=0.003255,6.891371891713518e-5,0.00110261950267416,1.9301946508689325,15.390638929441335
medio_paraiba_obitos_i60_i64_temp_med,Medio Paraiba,obitos_i60_i64,temp_med,quasipoisson,TRUE,1.0083292306271519,FALSE,Quasi-Poisson F test: modelo completo vs. modelo sem crossbasis + Wald global para coeficientes da crossbasis quando a comparacao reduzida nao foi estimavel | NW-HAC(lag=21): p=0.0003677,1.3526570783703607e-5,4.328502650785155e-4,1.9183180751100215,3.160965435438295
medio_paraiba_obitos_i60_i64_ur_med,Medio Paraiba,obitos_i60_i64,ur_med,quasipoisson,TRUE,1.0122728711993716,FALSE,Quasi-Poisson F test: modelo completo vs. modelo sem crossbasis + Wald global para coeficientes da crossbasis quando a comparacao reduzida nao foi estimavel | NW-HAC(lag=21): p=0.006833,0.00616823265104081,0.03289724080555102,1.7185730669327064,8.798040788557142
medio_paraiba_internacoes_i60_i62_temp_med,Medio Paraiba,internacoes_i60_i62,temp_med,quasipoisson,TRUE,1.0736102749446623,FALSE,Quasi-Poisson F test: modelo completo vs. modelo sem crossbasis + Wald global para coeficientes da crossbasis quando a comparacao reduzida nao foi estimavel | NW-HAC(lag=21): p=0.0535,0.15013328563527745,0.19816980503874124,1.4032080872294932,3.1118947280949163
medio_paraiba_internacoes_i60_i62_ur_med,Medio Paraiba,internacoes_i60_i62,ur_med,quasipoisson,TRUE,1.072490304158398,FALSE,Quasi-Poisson F test: modelo completo vs. modelo sem crossbasis + Wald global para coeficientes da crossbasis quando a comparacao reduzida nao foi estimavel | NW-HAC(lag=21): p=0.04404,0.01363002220499126,0.04292872787518827,1.9576164384082673,10.711841056568582
medio_paraiba_obitos_i60_i62_temp_med,Medio Paraiba,obitos_i60_i62,temp_med,quasipoisson,TRUE,3614073542297964e42,TRUE,Quasi-Poisson F test: modelo completo vs. modelo sem crossbasis + Wald global para coeficientes da crossbasis quando a comparacao reduzida nao foi estimavel | NW-HAC(lag=21): p=0.00757,0.00115896389954141,0.00988982527608671,2.4792143906141857,3.821759142716326
medio_paraiba_internacoes_i63_temp_med,Medio Paraiba,internacoes_i63,temp_med,quasipoisson,TRUE,0.981797933929336,FALSE,Quasi-Poisson F test: modelo completo vs. modelo sem crossbasis + Wald global para coeficientes da crossbasis quando a comparacao reduzida nao foi estimavel | NW-HAC(lag=21): p=0.6007,0.05281989595028399,0.09136414434643718,4.009108566684075,26.337399523692905
medio_paraiba_internacoes_i63_ur_med,Medio Paraiba,internacoes_i63,ur_med,quasipoisson,TRUE,0.9767445702114872,FALSE,Quasi-Poisson F test: modelo completo vs. modelo sem crossbasis + Wald global para coeficientes da crossbasis quando a comparacao reduzida nao foi estimavel | NW-HAC(lag=21): p=0.07938,0.03705377571368317,0.07179555779012779,4.861641485397429,88.06879317204066
metropolitana_i_internacoes_i60_i69_temp_med,Metropolitana I,internacoes_i60_i69,temp_med,quasipoisson,TRUE,18.725424728764455,FALSE,Quasi-Poisson F test: modelo completo vs. modelo sem crossbasis + Wald global para coeficientes da crossbasis quando a comparacao reduzida nao foi estimavel | NW-HAC(lag=21): p=0.02832,0.03722033578853079,0.07179555779012779,1.402357525039987,1.5750662323268665
metropolitana_i_internacoes_i60_i69_ur_med,Metropolitana I,internacoes_i60_i69,ur_med,quasipoisson,TRUE,18.712555358335255,FALSE,Quasi-Poisson F test: modelo completo vs. modelo sem crossbasis + Wald global para coeficientes da crossbasis quando a comparacao reduzida nao foi estimavel | NW-HAC(lag=21): p=0.1315,0.03396420690050798,0.06792841380101597,1.5901265997158498,12.152275117826845
metropolitana_i_obitos_i60_i69_temp_med,Metropolitana I,obitos_i60_i69,temp_med,quasipoisson,TRUE,1.045562573328566,FALSE,Quasi-Poisson F test: modelo completo vs. modelo sem crossbasis + Wald global para coeficientes da crossbasis quando a comparacao reduzida nao foi estimavel | NW-HAC(lag=21): p=2.209e-12,4.7124517548014026e-8,3.0159691230728973e-6,1.2927537389698038,1.347755633568026
metropolitana_i_obitos_i60_i69_ur_med,Metropolitana I,obitos_i60_i69,ur_med,quasipoisson,TRUE,1.0507396245994207,FALSE,Quasi-Poisson F test: modelo completo vs. modelo sem crossbasis + Wald global para coeficientes da crossbasis quando a comparacao reduzida nao foi estimavel | NW-HAC(lag=21): p=0.1843,0.13858932482447467,0.18871737848439105,1.1423463708101702,1.4153604077079738
metropolitana_i_internacoes_i60_i64_temp_med,Metropolitana I,internacoes_i60_i64,temp_med,quasipoisson,TRUE,1.346848516691235,FALSE,Quasi-Poisson F test: modelo completo vs. modelo sem crossbasis + Wald global para coeficientes da crossbasis quando a comparacao reduzida nao foi estimavel | NW-HAC(lag=21): p=7.056e-15,4.9513295924067e-5,9.053859826115108e-4,1.3334199852520068,1.7434856546911324
metropolitana_i_internacoes_i60_i64_ur_med,Metropolitana I,internacoes_i60_i64,ur_med,quasipoisson,TRUE,1.361793939382309,FALSE,Quasi-Poisson F test: modelo completo vs. modelo sem crossbasis + Wald global para coeficientes da crossbasis quando a comparacao reduzida nao foi estimavel | NW-HAC(lag=21): p=2.115e-08,2.043046080644613e-4,0.00290566553691678,1.196024515860996,2.2422865276319413
metropolitana_i_obitos_i60_i64_temp_med,Metropolitana I,obitos_i60_i64,temp_med,quasipoisson,TRUE,1.03729309853147,FALSE,Quasi-Poisson F test: modelo completo vs. modelo sem crossbasis + Wald global para coeficientes da crossbasis quando a comparacao reduzida nao foi estimavel | NW-HAC(lag=21): p=6.563e-09,2.3361360674994688e-5,5.980508332798641e-4,1.233322932501685,1.1675216458911395
metropolitana_i_obitos_i60_i64_ur_med,Metropolitana I,obitos_i60_i64,ur_med,quasipoisson,TRUE,1.0405103846623731,FALSE,Quasi-Poisson F test: modelo completo vs. modelo sem crossbasis + Wald global para coeficientes da crossbasis quando a comparacao reduzida nao foi estimavel | NW-HAC(lag=21): p=0.05899,0.07761176436902494,0.1241788229904399,1.21434557739604,3.8447233203908926
metropolitana_i_internacoes_i60_i62_temp_med,Metropolitana I,internacoes_i60_i62,temp_med,quasipoisson,TRUE,1.053075350435245,FALSE,Quasi-Poisson F test: modelo completo vs. modelo sem crossbasis + Wald global para coeficientes da crossbasis quando a comparacao reduzida nao foi estimavel | NW-HAC(lag=21): p=0.001515,0.01101025276946181,0.04292872787518827,1.4703529027191955,3.840541445876035
metropolitana_i_internacoes_i60_i62_ur_med,Metropolitana I,internacoes_i60_i62,ur_med,quasipoisson,TRUE,1.053763562915168,FALSE,Quasi-Poisson F test: modelo completo vs. modelo sem crossbasis + Wald global para coeficientes da crossbasis quando a comparacao reduzida nao foi estimavel | NW-HAC(lag=21): p=0.2371,0.5233387122211088,0.5402206061637252,1.11156738821666,2.876840498858769
metropolitana_i_internacoes_i63_temp_med,Metropolitana I,internacoes_i63,temp_med,quasipoisson,TRUE,1.0529834462483987,FALSE,Quasi-Poisson F test: modelo completo vs. modelo sem crossbasis + Wald global para coeficientes da crossbasis quando a comparacao reduzida nao foi estimavel | NW-HAC(lag=21): p=0.007447,0.01086876097226305,0.04292872787518827,1.7806160258841943,3.822701451400255
metropolitana_i_internacoes_i63_ur_med,Metropolitana I,internacoes_i63,ur_med,quasipoisson,TRUE,1.0540555867557697,FALSE,Quasi-Poisson F test: modelo completo vs. modelo sem crossbasis + Wald global para coeficientes da crossbasis quando a comparacao reduzida nao foi estimavel | NW-HAC(lag=21): p=0.08481,0.39555382532755906,0.4219240803493963,1.2001343480634676,2.1671330923429366
metropolitana_i_obitos_i63_temp_med,Metropolitana I,obitos_i63,temp_med,quasipoisson,TRUE,86311084917233070,TRUE,Quasi-Poisson F test: modelo completo vs. modelo sem crossbasis + Wald global para coeficientes da crossbasis quando a comparacao reduzida nao foi estimavel | NW-HAC(lag=21): p=0.4449,0.2107597638706168,0.25494412747154127,2.4943321755885797,10.867484984159042
metropolitana_i_obitos_i63_ur_med,Metropolitana I,obitos_i63,ur_med,quasipoisson,TRUE,0.9607753153252206,TRUE,Quasi-Poisson F test: modelo completo vs. modelo sem crossbasis + Wald global para coeficientes da crossbasis quando a comparacao reduzida nao foi estimavel | NW-HAC(lag=21): p=0.7664,0.10026543053792655,0.1475169552741908,3.670808248289215,22.281777620150635
metropolitana_ii_internacoes_i60_i69_temp_med,Metropolitana II,internacoes_i60_i69,temp_med,quasipoisson,TRUE,1.4072525945126897,FALSE,Quasi-Poisson F test: modelo completo vs. modelo sem crossbasis + Wald global para coeficientes da crossbasis quando a comparacao reduzida nao foi estimavel | NW-HAC(lag=21): p=0.003181,0.04768053518043631,0.08476539587633121,1.267317836883945,2.933943555073659
metropolitana_ii_internacoes_i60_i69_ur_med,Metropolitana II,internacoes_i60_i69,ur_med,quasipoisson,TRUE,1.4134515032013775,FALSE,Quasi-Poisson F test: modelo completo vs. modelo sem crossbasis + Wald global para coeficientes da crossbasis quando a comparacao reduzida nao foi estimavel | NW-HAC(lag=21): p=0.1391,0.00521723959171803,0.03035484853363221,1.4984571796457735,7.697816723771289
metropolitana_ii_obitos_i60_i69_temp_med,Metropolitana II,obitos_i60_i69,temp_med,quasipoisson,TRUE,1.0202070700049632,FALSE,Quasi-Poisson F test: modelo completo vs. modelo sem crossbasis + Wald global para coeficientes da crossbasis quando a comparacao reduzida nao foi estimavel | NW-HAC(lag=21): p=0.9269,0.5029889337215592,0.5234356383443869,1.1304336832465045,0.6987270002097403
metropolitana_ii_obitos_i60_i69_ur_med,Metropolitana II,obitos_i60_i69,ur_med,quasipoisson,TRUE,1.0184562175303786,FALSE,Quasi-Poisson F test: modelo completo vs. modelo sem crossbasis + Wald global para coeficientes da crossbasis quando a comparacao reduzida nao foi estimavel | NW-HAC(lag=21): p=0.3811,0.01243203936125914,0.04292872787518827,1.3753004796421524,9.588002585179314
metropolitana_ii_internacoes_i60_i64_temp_med,Metropolitana II,internacoes_i60_i64,temp_med,quasipoisson,TRUE,1.0994671864411099,FALSE,Quasi-Poisson F test: modelo completo vs. modelo sem crossbasis + Wald global para coeficientes da crossbasis quando a comparacao reduzida nao foi estimavel | NW-HAC(lag=21): p=0.0005577,0.1838900559716788,0.228652794144716,1.141729023113102,1.529031660204574
metropolitana_ii_internacoes_i60_i64_ur_med,Metropolitana II,internacoes_i60_i64,ur_med,quasipoisson,TRUE,1.1033614018190905,FALSE,Quasi-Poisson F test: modelo completo vs. modelo sem crossbasis + Wald global para coeficientes da crossbasis quando a comparacao reduzida nao foi estimavel | NW-HAC(lag=21): p=0.134,0.18399404528832616,0.228652794144716,1.1904068342629757,3.1567706227876187
metropolitana_ii_obitos_i60_i64_temp_med,Metropolitana II,obitos_i60_i64,temp_med,quasipoisson,TRUE,1.0211516863763113,FALSE,Quasi-Poisson F test: modelo completo vs. modelo sem crossbasis + Wald global para coeficientes da crossbasis quando a comparacao reduzida nao foi estimavel | NW-HAC(lag=21): p=0.6212,0.2520006912936583,0.2880007900498952,1.2164812490985402,0.9118844383533516
metropolitana_ii_obitos_i60_i64_ur_med,Metropolitana II,obitos_i60_i64,ur_med,quasipoisson,TRUE,1.0199337888227658,FALSE,Quasi-Poisson F test: modelo completo vs. modelo sem crossbasis + Wald global para coeficientes da crossbasis quando a comparacao reduzida nao foi estimavel | NW-HAC(lag=21): p=0.8243,0.03143544348521559,0.06530176248256046,1.452407668055648,14.32612831629569
metropolitana_ii_internacoes_i60_i62_temp_med,Metropolitana II,internacoes_i60_i62,temp_med,quasipoisson,TRUE,1.0289894692940353,FALSE,Quasi-Poisson F test: modelo completo vs. modelo sem crossbasis + Wald global para coeficientes da crossbasis quando a comparacao reduzida nao foi estimavel | NW-HAC(lag=21): p=0.02263,0.01018382371394058,0.04292872787518827,1.749277011228978,7.481351653599209
metropolitana_ii_internacoes_i60_i62_ur_med,Metropolitana II,internacoes_i60_i62,ur_med,quasipoisson,TRUE,1.0269315085323414,FALSE,Quasi-Poisson F test: modelo completo vs. modelo sem crossbasis + Wald global para coeficientes da crossbasis quando a comparacao reduzida nao foi estimavel | NW-HAC(lag=21): p=0.0001004,0.04906807254528785,0.08603716829858692,1.7190561114254417,9.620144951838087
metropolitana_ii_obitos_i60_i62_temp_med,Metropolitana II,obitos_i60_i62,temp_med,quasipoisson,TRUE,0.9348458269589381,TRUE,Quasi-Poisson F test: modelo completo vs. modelo sem crossbasis + Wald global para coeficientes da crossbasis quando a comparacao reduzida nao foi estimavel | NW-HAC(lag=21): p=0.1494,0.04186510600828915,0.0784244656898797,1.9983613333291632,11.121562225195436
metropolitana_ii_obitos_i60_i62_ur_med,Metropolitana II,obitos_i60_i62,ur_med,quasipoisson,TRUE,0.9374691728947457,TRUE,Quasi-Poisson F test: modelo completo vs. modelo sem crossbasis + Wald global para coeficientes da crossbasis quando a comparacao reduzida nao foi estimavel | NW-HAC(lag=21): p=0.925,0.16880315869520393,0.21606804312986105,1.463062708611177,12.1249158904056
metropolitana_ii_internacoes_i63_temp_med,Metropolitana II,internacoes_i63,temp_med,quasipoisson,TRUE,1.0401908394106993,FALSE,Quasi-Poisson F test: modelo completo vs. modelo sem crossbasis + Wald global para coeficientes da crossbasis quando a comparacao reduzida nao foi estimavel | NW-HAC(lag=21): p=0.02568,0.01475675020709596,0.04292872787518827,1.6312681923232883,5.8904164737548825
metropolitana_ii_internacoes_i63_ur_med,Metropolitana II,internacoes_i63,ur_med,quasipoisson,TRUE,1.0373110424034249,FALSE,Quasi-Poisson F test: modelo completo vs. modelo sem crossbasis + Wald global para coeficientes da crossbasis quando a comparacao reduzida nao foi estimavel | NW-HAC(lag=21): p=0.2929,0.1174899071375367,0.17089441038187156,1.8836500090133856,9.548944524051588
metropolitana_ii_obitos_i63_temp_med,Metropolitana II,obitos_i63,temp_med,quasipoisson,TRUE,0.9076802315676304,TRUE,Quasi-Poisson F test: modelo completo vs. modelo sem crossbasis + Wald global para coeficientes da crossbasis quando a comparacao reduzida nao foi estimavel | NW-HAC(lag=21): p=0.7941,0.09443735438804823,0.14221154543141382,4.502784976894672,15.002752988543058
metropolitana_ii_obitos_i63_ur_med,Metropolitana II,obitos_i63,ur_med,quasipoisson,TRUE,0.8986829511420508,TRUE,Quasi-Poisson F test: modelo completo vs. modelo sem crossbasis + Wald global para coeficientes da crossbasis quando a comparacao reduzida nao foi estimavel | NW-HAC(lag=21): p=0.2209,0.01812352796534613,0.04832940790758969,15.459657054331611,117.69630725437985
noroeste_internacoes_i60_i69_temp_med,Noroeste,internacoes_i60_i69,temp_med,quasipoisson,TRUE,2.673643577108682,FALSE,Quasi-Poisson F test: modelo completo vs. modelo sem crossbasis + Wald global para coeficientes da crossbasis quando a comparacao reduzida nao foi estimavel | NW-HAC(lag=21): p=0.0237,0.00100333756275588,0.00960860249354591,2.2577073873814375,6.967496443497797
noroeste_internacoes_i60_i69_ur_med,Noroeste,internacoes_i60_i69,ur_med,quasipoisson,TRUE,2.703260330366588,FALSE,Quasi-Poisson F test: modelo completo vs. modelo sem crossbasis + Wald global para coeficientes da crossbasis quando a comparacao reduzida nao foi estimavel | NW-HAC(lag=21): p=0.01481,0.0245514686851242,0.05464924804480416,1.802174663633364,18.777583685795523
noroeste_obitos_i60_i69_temp_med,Noroeste,obitos_i60_i69,temp_med,quasipoisson,TRUE,1.0171122196324631,FALSE,Quasi-Poisson F test: modelo completo vs. modelo sem crossbasis + Wald global para coeficientes da crossbasis quando a comparacao reduzida nao foi estimavel | NW-HAC(lag=21): p=0.6438,0.1717892408502,0.21771309731510496,1.3322521501869078,1.849258170810422
noroeste_obitos_i60_i69_ur_med,Noroeste,obitos_i60_i69,ur_med,quasipoisson,TRUE,1.020072201095702,FALSE,Quasi-Poisson F test: modelo completo vs. modelo sem crossbasis + Wald global para coeficientes da crossbasis quando a comparacao reduzida nao foi estimavel | NW-HAC(lag=21): p=0.6853,0.8036643575408879,0.8229523021218693,1.0619878638719642,1.1413873405055903
noroeste_internacoes_i60_i64_temp_med,Noroeste,internacoes_i60_i64,temp_med,quasipoisson,TRUE,1.094700948476492,FALSE,Quasi-Poisson F test: modelo completo vs. modelo sem crossbasis + Wald global para coeficientes da crossbasis quando a comparacao reduzida nao foi estimavel | NW-HAC(lag=21): p=5.982e-05,0.00105094089773158,0.00960860249354591,1.8922243902896156,3.9024673663277287
noroeste_internacoes_i60_i64_ur_med,Noroeste,internacoes_i60_i64,ur_med,quasipoisson,TRUE,1.0966952590062098,FALSE,Quasi-Poisson F test: modelo completo vs. modelo sem crossbasis + Wald global para coeficientes da crossbasis quando a comparacao reduzida nao foi estimavel | NW-HAC(lag=21): p=0.1621,0.08221811008397499,0.12992491470060244,1.4200690863035603,6.113949549436944
noroeste_obitos_i60_i64_temp_med,Noroeste,obitos_i60_i64,temp_med,quasipoisson,TRUE,1.0271601120588993,FALSE,Quasi-Poisson F test: modelo completo vs. modelo sem crossbasis + Wald global para coeficientes da crossbasis quando a comparacao reduzida nao foi estimavel | NW-HAC(lag=21): p=0.2288,0.03163054120249022,0.06530176248256046,1.6124209448062632,5.3435919252550885
noroeste_obitos_i60_i64_ur_med,Noroeste,obitos_i60_i64,ur_med,quasipoisson,TRUE,1.031128402089111,FALSE,Quasi-Poisson F test: modelo completo vs. modelo sem crossbasis + Wald global para coeficientes da crossbasis quando a comparacao reduzida nao foi estimavel | NW-HAC(lag=21): p=0.4113,0.2490973332878712,0.2872473753229506,1.4495968396338508,8.150193882175628
noroeste_internacoes_i60_i62_temp_med,Noroeste,internacoes_i60_i62,temp_med,quasipoisson,TRUE,1.0352371983312516,FALSE,Quasi-Poisson F test: modelo completo vs. modelo sem crossbasis + Wald global para coeficientes da crossbasis quando a comparacao reduzida nao foi estimavel | NW-HAC(lag=21): p=0.198,0.01325007568049661,0.04292872787518827,2.3344575749885856,5.5162754829662
noroeste_internacoes_i60_i62_ur_med,Noroeste,internacoes_i60_i62,ur_med,quasipoisson,TRUE,1.0380369665492317,FALSE,Quasi-Poisson F test: modelo completo vs. modelo sem crossbasis + Wald global para coeficientes da crossbasis quando a comparacao reduzida nao foi estimavel | NW-HAC(lag=21): p=0.5457,0.35928028881205964,0.3864527476297784,1.515162786609756,5.239624820301339
noroeste_obitos_i60_i62_ur_med,Noroeste,obitos_i60_i62,ur_med,quasipoisson,TRUE,6284849561204933e126,TRUE,Quasi-Poisson F test: modelo completo vs. modelo sem crossbasis + Wald global para coeficientes da crossbasis quando a comparacao reduzida nao foi estimavel | NW-HAC(lag=21): p=0.6996,0.2786455359260125,0.31286516314499646,1.3912400155493412,8.159883026054564
noroeste_internacoes_i63_temp_med,Noroeste,internacoes_i63,temp_med,quasipoisson,TRUE,0.5452836232318549,TRUE,Quasi-Poisson F test: modelo completo vs. modelo sem crossbasis + Wald global para coeficientes da crossbasis quando a comparacao reduzida nao foi estimavel | NW-HAC(lag=21): p=0.3101,0.01423593753855762,0.04292872787518827,9.51258605340368,58.82944090138992
noroeste_internacoes_i63_ur_med,Noroeste,internacoes_i63,ur_med,quasipoisson,TRUE,0.5274050784542865,TRUE,Quasi-Poisson F test: modelo completo vs. modelo sem crossbasis + Wald global para coeficientes da crossbasis quando a comparacao reduzida nao foi estimavel | NW-HAC(lag=21): p=0.02809,3.0383520961251345e-5,6.481817805066954e-4,1276.3266910509376,1715.5773754336842
noroeste_obitos_i63_ur_med,Noroeste,obitos_i63,ur_med,quasipoisson,TRUE,2658160793.2285237,TRUE,Quasi-Poisson F test: modelo completo vs. modelo sem crossbasis + Wald global para coeficientes da crossbasis quando a comparacao reduzida nao foi estimavel | NW-HAC(lag=21): p=1,0.45945327641360695,0.48204933918804665,5904170380311171,1920019474497084.5
norte_internacoes_i60_i69_temp_med,Norte,internacoes_i60_i69,temp_med,quasipoisson,TRUE,1.9259157956556734,FALSE,Quasi-Poisson F test: modelo completo vs. modelo sem crossbasis + Wald global para coeficientes da crossbasis quando a comparacao reduzida nao foi estimavel | NW-HAC(lag=21): p=0.1581,4.1432971878382457e-4,0.00530342040043295,1.9065300425824243,6.884196199362868
norte_internacoes_i60_i69_ur_med,Norte,internacoes_i60_i69,ur_med,quasipoisson,TRUE,2.186526024163732,FALSE,Quasi-Poisson F test: modelo completo vs. modelo sem crossbasis + Wald global para coeficientes da crossbasis quando a comparacao reduzida nao foi estimavel | NW-HAC(lag=21): p=0.7956,9.49445645358128e-4,0.00960860249354591,1.9065378462971885,17.55065134796758
norte_obitos_i60_i69_temp_med,Norte,obitos_i60_i69,temp_med,quasipoisson,TRUE,0.9852453555450292,FALSE,Quasi-Poisson F test: modelo completo vs. modelo sem crossbasis + Wald global para coeficientes da crossbasis quando a comparacao reduzida nao foi estimavel | NW-HAC(lag=21): p=0.03138,0.00232187897540319,0.01590324528072061,1.4047302126290038,2.2048056094756032
norte_obitos_i60_i69_ur_med,Norte,obitos_i60_i69,ur_med,quasipoisson,TRUE,0.9837195384362895,FALSE,Quasi-Poisson F test: modelo completo vs. modelo sem crossbasis + Wald global para coeficientes da crossbasis quando a comparacao reduzida nao foi estimavel | NW-HAC(lag=21): p=0.05389,0.01026346060140475,0.04292872787518827,1.7273404681227222,14.308631285965031
norte_internacoes_i60_i64_temp_med,Norte,internacoes_i60_i64,temp_med,quasipoisson,TRUE,1.0442850831249222,FALSE,Quasi-Poisson F test: modelo completo vs. modelo sem crossbasis + Wald global para coeficientes da crossbasis quando a comparacao reduzida nao foi estimavel | NW-HAC(lag=21): p=0.439,0.14390998304991326,0.1938997666356726,1.289050287954951,1.9921348829608123
norte_internacoes_i60_i64_ur_med,Norte,internacoes_i60_i64,ur_med,quasipoisson,TRUE,1.0446055104783332,FALSE,Quasi-Poisson F test: modelo completo vs. modelo sem crossbasis + Wald global para coeficientes da crossbasis quando a comparacao reduzida nao foi estimavel | NW-HAC(lag=21): p=0.8247,0.23035479016156085,0.2695216882598773,1.1903511156648603,3.7067159581293025
norte_obitos_i60_i64_temp_med,Norte,obitos_i60_i64,temp_med,quasipoisson,TRUE,0.998024496101693,FALSE,Quasi-Poisson F test: modelo completo vs. modelo sem crossbasis + Wald global para coeficientes da crossbasis quando a comparacao reduzida nao foi estimavel | NW-HAC(lag=21): p=0.2107,0.00917520112182405,0.04292872787518827,2.1157899682170975,7.297519256455737
norte_obitos_i60_i64_ur_med,Norte,obitos_i60_i64,ur_med,quasipoisson,TRUE,0.9953549763468567,FALSE,Quasi-Poisson F test: modelo completo vs. modelo sem crossbasis + Wald global para coeficientes da crossbasis quando a comparacao reduzida nao foi estimavel | NW-HAC(lag=21): p=0.04241,0.01760301995472309,0.04794013945116076,2.1389999749284803,22.255606127437193
norte_internacoes_i60_i62_temp_med,Norte,internacoes_i60_i62,temp_med,quasipoisson,TRUE,1.0136520111709817,FALSE,Quasi-Poisson F test: modelo completo vs. modelo sem crossbasis + Wald global para coeficientes da crossbasis quando a comparacao reduzida nao foi estimavel | NW-HAC(lag=21): p=0.6645,0.1501755553809211,0.19816980503874124,1.362527468047863,1.5915897799797256
norte_internacoes_i60_i62_ur_med,Norte,internacoes_i60_i62,ur_med,quasipoisson,TRUE,1.01244608135631,FALSE,Quasi-Poisson F test: modelo completo vs. modelo sem crossbasis + Wald global para coeficientes da crossbasis quando a comparacao reduzida nao foi estimavel | NW-HAC(lag=21): p=0.5732,0.12243562052850838,0.17221713656757226,1.2617438419944027,3.1778622385144732
norte_obitos_i60_i62_temp_med,Norte,obitos_i60_i62,temp_med,quasipoisson,TRUE,0.9326611249924266,TRUE,Quasi-Poisson F test: modelo completo vs. modelo sem crossbasis + Wald global para coeficientes da crossbasis quando a comparacao reduzida nao foi estimavel | NW-HAC(lag=21): p=0.7043,0.01941645633425351,0.049706128215689,2.6955138025930196,11.789453653659724
norte_obitos_i60_i62_ur_med,Norte,obitos_i60_i62,ur_med,quasipoisson,TRUE,0.9278974946426336,TRUE,Quasi-Poisson F test: modelo completo vs. modelo sem crossbasis + Wald global para coeficientes da crossbasis quando a comparacao reduzida nao foi estimavel | NW-HAC(lag=21): p=0.07676,0.04296085266631095,0.07855698773268288,2.634028568265956,28.989080693293086
norte_internacoes_i63_temp_med,Norte,internacoes_i63,temp_med,quasipoisson,TRUE,1.0389848219852067,FALSE,Quasi-Poisson F test: modelo completo vs. modelo sem crossbasis + Wald global para coeficientes da crossbasis quando a comparacao reduzida nao foi estimavel | NW-HAC(lag=21): p=0.2706,0.18965586021099,0.23342259718275696,1.6130545366482962,3.3310086321044134
norte_internacoes_i63_ur_med,Norte,internacoes_i63,ur_med,quasipoisson,TRUE,1.0412578399732566,FALSE,Quasi-Poisson F test: modelo completo vs. modelo sem crossbasis + Wald global para coeficientes da crossbasis quando a comparacao reduzida nao foi estimavel | NW-HAC(lag=21): p=0.4175,0.02320777547788643,0.05464924804480416,2.791519077006805,30.45130695186693
serrana_internacoes_i60_i69_temp_med,Serrana,internacoes_i60_i69,temp_med,negative_binomial,TRUE,16.57475386704071,FALSE,Negative binomial likelihood-ratio test: modelo completo vs. modelo sem crossbasis | NW-HAC(lag=21): p=0.03687,4.0476639643077e-6,1.727003291437952e-4,1.7939835588309396,4.948766826140089
serrana_internacoes_i60_i69_ur_med,Serrana,internacoes_i60_i69,ur_med,negative_binomial,TRUE,16.492591249891266,FALSE,Negative binomial likelihood-ratio test: modelo completo vs. modelo sem crossbasis | NW-HAC(lag=21): p=0.08943,0.00168753526444823,0.01270614787349262,1.592216898061861,7.5578789283823475
serrana_obitos_i60_i69_temp_med,Serrana,obitos_i60_i69,temp_med,quasipoisson,TRUE,1.0222944678789712,FALSE,Quasi-Poisson F test: modelo completo vs. modelo sem crossbasis + Wald global para coeficientes da crossbasis quando a comparacao reduzida nao foi estimavel | NW-HAC(lag=21): p=0.3786,0.04561951700935932,0.0822436362985633,1.4850081020161316,1.757424859058941
serrana_obitos_i60_i69_ur_med,Serrana,obitos_i60_i69,ur_med,quasipoisson,TRUE,1.0208285935074046,FALSE,Quasi-Poisson F test: modelo completo vs. modelo sem crossbasis + Wald global para coeficientes da crossbasis quando a comparacao reduzida nao foi estimavel | NW-HAC(lag=21): p=0.0533,0.12090525973350257,0.17195414717653698,1.4013773356486166,5.876860010002629
serrana_internacoes_i60_i64_temp_med,Serrana,internacoes_i60_i64,temp_med,quasipoisson,TRUE,1.3473484129920064,FALSE,Quasi-Poisson F test: modelo completo vs. modelo sem crossbasis + Wald global para coeficientes da crossbasis quando a comparacao reduzida nao foi estimavel | NW-HAC(lag=21): p=0.2429,0.08328120188230742,0.1299999248894555,1.2907333231999532,2.493287369708153
serrana_internacoes_i60_i64_ur_med,Serrana,internacoes_i60_i64,ur_med,quasipoisson,TRUE,1.3461395252708699,FALSE,Quasi-Poisson F test: modelo completo vs. modelo sem crossbasis + Wald global para coeficientes da crossbasis quando a comparacao reduzida nao foi estimavel | NW-HAC(lag=21): p=0.03992,0.01252130524120931,0.04292872787518827,1.2057398033594524,2.966467826419724
serrana_obitos_i60_i64_temp_med,Serrana,obitos_i60_i64,temp_med,quasipoisson,TRUE,0.9763998142710449,FALSE,Quasi-Poisson F test: modelo completo vs. modelo sem crossbasis + Wald global para coeficientes da crossbasis quando a comparacao reduzida nao foi estimavel | NW-HAC(lag=21): p=0.4723,0.014341727019262,0.04292872787518827,1.9792155651277248,5.395672195372907
serrana_obitos_i60_i64_ur_med,Serrana,obitos_i60_i64,ur_med,quasipoisson,TRUE,0.9742832447022345,FALSE,Quasi-Poisson F test: modelo completo vs. modelo sem crossbasis + Wald global para coeficientes da crossbasis quando a comparacao reduzida nao foi estimavel | NW-HAC(lag=21): p=0.00271,0.01081013038536543,0.04292872787518827,2.013193065900179,15.846586681723556
serrana_internacoes_i60_i62_temp_med,Serrana,internacoes_i60_i62,temp_med,quasipoisson,TRUE,1.0320654054585365,FALSE,Quasi-Poisson F test: modelo completo vs. modelo sem crossbasis + Wald global para coeficientes da crossbasis quando a comparacao reduzida nao foi estimavel | NW-HAC(lag=21): p=0.2297,0.0738431425987674,0.12117849041849008,1.9073939365794816,5.329157193567209
serrana_internacoes_i60_i62_ur_med,Serrana,internacoes_i60_i62,ur_med,quasipoisson,TRUE,1.0317149782342265,FALSE,Quasi-Poisson F test: modelo completo vs. modelo sem crossbasis + Wald global para coeficientes da crossbasis quando a comparacao reduzida nao foi estimavel | NW-HAC(lag=21): p=0.4022,0.32797528195136316,0.35881056486986745,1.513373656880441,9.847650984986736
serrana_internacoes_i63_temp_med,Serrana,internacoes_i63,temp_med,quasipoisson,TRUE,1.066973549971228,FALSE,Quasi-Poisson F test: modelo completo vs. modelo sem crossbasis + Wald global para coeficientes da crossbasis quando a comparacao reduzida nao foi estimavel | NW-HAC(lag=21): p=0.07741,8.648999326414441e-4,0.00960860249354591,5.42287051692051,27.27518152204186
serrana_internacoes_i63_ur_med,Serrana,internacoes_i63,ur_med,quasipoisson,TRUE,1.1018917074765229,FALSE,Quasi-Poisson F test: modelo completo vs. modelo sem crossbasis + Wald global para coeficientes da crossbasis quando a comparacao reduzida nao foi estimavel | NW-HAC(lag=21): p=0.4913,0.03233491453205686,0.06569633428735362,6.224437910951468,108.34008488655871
serrana_obitos_i63_ur_med,Serrana,obitos_i63,ur_med,quasipoisson,TRUE,0.30652306826939535,TRUE,Quasi-Poisson F test: modelo completo vs. modelo sem crossbasis + Wald global para coeficientes da crossbasis quando a comparacao reduzida nao foi estimavel | NW-HAC(lag=21): p=0.1654,0.00425454682047394,0.02722909965103327,2025.7437623877745,2120.1511686502017
